{
    "type": "FeatureCollection",
    "features": [{
        "type": "Feature",
        "id": "mysliveckehonitby.10603333",
        "geometry": {
            "type": "Polygon",
            "coordinates": [
                [
                    [13.27095979, 49.77447575],
                    [13.27099942, 49.77434395],
                    [13.27095945, 49.77435336],
                    [13.27045879, 49.77461458],
                    [13.27006913, 49.77491739],
                    [13.26974124, 49.77516879],
                    [13.26944527, 49.77536063],
                    [13.26932888, 49.77541230],
                    [13.26909357, 49.77546878],
                    [13.26888418, 49.77548525],
                    [13.26757332, 49.77539764],
                    [13.26620870, 49.77529404],
                    [13.26550754, 49.77523503],
                    [13.26481818, 49.77523042],
                    [13.26453836, 49.77526651],
                    [13.26431478, 49.77530817],
                    [13.26406263, 49.77537913],
                    [13.26364399, 49.77555043],
                    [13.26318456, 49.77568575],
                    [13.26274976, 49.77571705],
                    [13.26220009, 49.77574760],
                    [13.26177268, 49.77574771],
                    [13.26121316, 49.77581984],
                    [13.26065608, 49.77588157],
                    [13.26019291, 49.77596328],
                    [13.25973219, 49.77603458],
                    [13.25921956, 49.77604750],
                    [13.25862289, 49.77599883],
                    [13.25793354, 49.77585580],
                    [13.25708726, 49.77561200],
                    [13.25618661, 49.77532020],
                    [13.25594320, 49.77516826],
                    [13.25583445, 49.77507229],
                    [13.25547457, 49.77416361],
                    [13.25491447, 49.77299019],
                    [13.25443469, 49.77182476],
                    [13.25441219, 49.77122639],
                    [13.25446258, 49.77066722],
                    [13.25467860, 49.77038000],
                    [13.25476503, 49.77029278],
                    [13.25497250, 49.77024955],
                    [13.25524541, 49.77021128],
                    [13.25544011, 49.77022532],
                    [13.25561795, 49.77016846],
                    [13.25584640, 49.77003674],
                    [13.25597292, 49.76981502],
                    [13.25597841, 49.76961854],
                    [13.25598326, 49.76939004],
                    [13.25603506, 49.76917153],
                    [13.25624616, 49.76890496],
                    [13.25658328, 49.76873080],
                    [13.25683950, 49.76858587],
                    [13.25714763, 49.76849936],
                    [13.25743041, 49.76834642],
                    [13.25765818, 49.76811347],
                    [13.25768765, 49.76795447],
                    [13.25758937, 49.76777971],
                    [13.25746517, 49.76764494],
                    [13.25721867, 49.76740221],
                    [13.25710740, 49.76717824],
                    [13.25710609, 49.76704506],
                    [13.25728814, 49.76679703],
                    [13.25740278, 49.76638263],
                    [13.25738102, 49.76609305],
                    [13.25742777, 49.76575707],
                    [13.25734172, 49.76532271],
                    [13.25732679, 49.76510833],
                    [13.25746749, 49.76493070],
                    [13.25789842, 49.76477663],
                    [13.25819725, 49.76469456],
                    [13.25831210, 49.76469534],
                    [13.25844798, 49.76474610],
                    [13.25856910, 49.76492846],
                    [13.25873164, 49.76517882],
                    [13.25912270, 49.76550511],
                    [13.25941364, 49.76569903],
                    [13.25978178, 49.76587933],
                    [13.26052047, 49.76616034],
                    [13.26149935, 49.76636409],
                    [13.26185322, 49.76643119],
                    [13.26222502, 49.76652670],
                    [13.26262087, 49.76655538],
                    [13.26313714, 49.76659605],
                    [13.26341137, 49.76668717],
                    [13.26365473, 49.76676990],
                    [13.26392309, 49.76686843],
                    [13.26438284, 49.76700686],
                    [13.26466197, 49.76707719],
                    [13.26495646, 49.76704789],
                    [13.26514784, 49.76700301],
                    [13.26540340, 49.76689530],
                    [13.26564536, 49.76677559],
                    [13.26591347, 49.76658717],
                    [13.26618626, 49.76640662],
                    [13.26651890, 49.76614683],
                    [13.26677497, 49.76586348],
                    [13.26687177, 49.76562818],
                    [13.26688209, 49.76534169],
                    [13.26679613, 49.76511486],
                    [13.26681890, 49.76498401],
                    [13.26694666, 49.76489554],
                    [13.26716393, 49.76481065],
                    [13.26745408, 49.76476493],
                    [13.26777881, 49.76471200],
                    [13.26804916, 49.76461108],
                    [13.26833678, 49.76443733],
                    [13.26876638, 49.76428834],
                    [13.26900469, 49.76425344],
                    [13.26930910, 49.76432095],
                    [13.26958576, 49.76440167],
                    [13.27040211, 49.76463183],
                    [13.27084363, 49.76474490],
                    [13.27137158, 49.76483992],
                    [13.27171058, 49.76490021],
                    [13.27202421, 49.76489409],
                    [13.27226808, 49.76487038],
                    [13.27263539, 49.76481102],
                    [13.27334541, 49.76479634],
                    [13.27383552, 49.76466931],
                    [13.27414163, 49.76448672],
                    [13.27441069, 49.76432177],
                    [13.27457919, 49.76426929],
                    [13.27466738, 49.76424727],
                    [13.27492366, 49.76430999],
                    [13.27521588, 49.76456793],
                    [13.27554638, 49.76480306],
                    [13.27584042, 49.76501859],
                    [13.27588185, 49.76508660],
                    [13.27589978, 49.76511499],
                    [13.27588191, 49.76515582],
                    [13.27578375, 49.76518866],
                    [13.27566276, 49.76521392],
                    [13.27537080, 49.76530207],
                    [13.27506957, 49.76539462],
                    [13.27477209, 49.76554079],
                    [13.27463957, 49.76568419],
                    [13.27456807, 49.76584746],
                    [13.27455164, 49.76615996],
                    [13.27463527, 49.76653563],
                    [13.27477075, 49.76690047],
                    [13.27484996, 49.76712130],
                    [13.27503351, 49.76735248],
                    [13.27544419, 49.76745714],
                    [13.27577946, 49.76746380],
                    [13.27605106, 49.76735766],
                    [13.27637268, 49.76728311],
                    [13.27670989, 49.76738579],
                    [13.27701756, 49.76761332],
                    [13.27740796, 49.76783840],
                    [13.27780078, 49.76798387],
                    [13.27817010, 49.76808974],
                    [13.27833336, 49.76814174],
                    [13.27861678, 49.76822930],
                    [13.27871427, 49.76824112],
                    [13.27936836, 49.76832045],
                    [13.27947874, 49.76832549],
                    [13.27961573, 49.76831327],
                    [13.27974834, 49.76831520],
                    [13.28009932, 49.76833899],
                    [13.28058079, 49.76838633],
                    [13.28099196, 49.76838036],
                    [13.28125204, 49.76839547],
                    [13.28198754, 49.76833084],
                    [13.28253601, 49.76832742],
                    [13.28326165, 49.76833258],
                    [13.28346919, 49.76829529],
                    [13.28364757, 49.76823237],
                    [13.28401950, 49.76820912],
                    [13.28472929, 49.76831389],
                    [13.28541233, 49.76847903],
                    [13.28599412, 49.76843880],
                    [13.28641401, 49.76835720],
                    [13.28702178, 49.76840156],
                    [13.28736724, 49.76834590],
                    [13.28779059, 49.76832507],
                    [13.28822285, 49.76831103],
                    [13.28851471, 49.76821089],
                    [13.28910845, 49.76785037],
                    [13.28940856, 49.76784892],
                    [13.28958860, 49.76795664],
                    [13.28972888, 49.76808067],
                    [13.28993122, 49.76811136],
                    [13.29018737, 49.76815561],
                    [13.29041734, 49.76822172],
                    [13.29078368, 49.76840493],
                    [13.29087011, 49.76844817],
                    [13.29099031, 49.76856866],
                    [13.29097234, 49.76864885],
                    [13.29065294, 49.76876952],
                    [13.29060296, 49.76891848],
                    [13.29072190, 49.76909117],
                    [13.29102550, 49.76926603],
                    [13.29112335, 49.76939495],
                    [13.29125764, 49.76946418],
                    [13.29127321, 49.76950105],
                    [13.29135384, 49.76951914],
                    [13.29148548, 49.76950038],
                    [13.29172095, 49.76956423],
                    [13.29201041, 49.76967844],
                    [13.29228627, 49.76970027],
                    [13.29237795, 49.76968566],
                    [13.29258845, 49.76966393],
                    [13.29272736, 49.76966705],
                    [13.29303324, 49.76968979],
                    [13.29333618, 49.76973272],
                    [13.29364251, 49.76982695],
                    [13.29400294, 49.76995113],
                    [13.29454529, 49.76996964],
                    [13.29462801, 49.76996720],
                    [13.29484031, 49.76990307],
                    [13.29496245, 49.76983508],
                    [13.29545529, 49.76927173],
                    [13.29558315, 49.76918568],
                    [13.29565532, 49.76912363],
                    [13.29575988, 49.76890017],
                    [13.29590373, 49.76872505],
                    [13.29604639, 49.76845926],
                    [13.29622352, 49.76831469],
                    [13.29657748, 49.76807924],
                    [13.29679669, 49.76791927],
                    [13.29695259, 49.76740543],
                    [13.29704574, 49.76713501],
                    [13.29714706, 49.76668793],
                    [13.29735472, 49.76663870],
                    [13.29764804, 49.76656682],
                    [13.29795190, 49.76653417],
                    [13.29813669, 49.76648518],
                    [13.29887013, 49.76630103],
                    [13.29923716, 49.76622263],
                    [13.29934208, 49.76619999],
                    [13.29958628, 49.76614710],
                    [13.29967910, 49.76605046],
                    [13.29978435, 49.76602092],
                    [13.29993481, 49.76595997],
                    [13.30007742, 49.76587376],
                    [13.30020347, 49.76577001],
                    [13.30032159, 49.76560762],
                    [13.30064504, 49.76536627],
                    [13.30105802, 49.76510873],
                    [13.30153149, 49.76482725],
                    [13.30183515, 49.76464806],
                    [13.30195721, 49.76457785],
                    [13.30213097, 49.76450877],
                    [13.30248933, 49.76438459],
                    [13.30277290, 49.76431052],
                    [13.30297061, 49.76426663],
                    [13.30351276, 49.76415767],
                    [13.30376952, 49.76410375],
                    [13.30399847, 49.76406097],
                    [13.30429462, 49.76398022],
                    [13.30458091, 49.76389451],
                    [13.30497745, 49.76378204],
                    [13.30547443, 49.76360414],
                    [13.30563694, 49.76353593],
                    [13.30634629, 49.76322534],
                    [13.30668161, 49.76304531],
                    [13.30720294, 49.76282419],
                    [13.30746653, 49.76273560],
                    [13.30825727, 49.76239177],
                    [13.30898758, 49.76201161],
                    [13.30939153, 49.76176148],
                    [13.30977269, 49.76153838],
                    [13.30995579, 49.76138884],
                    [13.31005284, 49.76127335],
                    [13.31028300, 49.76114118],
                    [13.31033461, 49.76117604],
                    [13.31076217, 49.76151047],
                    [13.31091410, 49.76160342],
                    [13.31150356, 49.76196407],
                    [13.31217529, 49.76239639],
                    [13.31292593, 49.76289799],
                    [13.31308424, 49.76308874],
                    [13.31316163, 49.76321791],
                    [13.31331638, 49.76358208],
                    [13.31340243, 49.76378007],
                    [13.31351309, 49.76404972],
                    [13.31368817, 49.76457401],
                    [13.31390234, 49.76516378],
                    [13.31405184, 49.76553266],
                    [13.31416464, 49.76585800],
                    [13.31425148, 49.76610149],
                    [13.31461660, 49.76597820],
                    [13.31476641, 49.76621384],
                    [13.31487162, 49.76618113],
                    [13.31603329, 49.76579299],
                    [13.31705060, 49.76544487],
                    [13.31726633, 49.76536701],
                    [13.31743122, 49.76530965],
                    [13.31771096, 49.76522380],
                    [13.31775484, 49.76521040],
                    [13.31796531, 49.76515745],
                    [13.31801077, 49.76514512],
                    [13.31824804, 49.76508509],
                    [13.31838266, 49.76504956],
                    [13.31849745, 49.76501889],
                    [13.31872682, 49.76495843],
                    [13.31893001, 49.76490658],
                    [13.31933210, 49.76479426],
                    [13.31959842, 49.76472600],
                    [13.31987880, 49.76465522],
                    [13.32044779, 49.76450265],
                    [13.32050697, 49.76459409],
                    [13.32093964, 49.76534778],
                    [13.32125301, 49.76593500],
                    [13.32176823, 49.76690308],
                    [13.32230706, 49.76786523],
                    [13.32262816, 49.76843723],
                    [13.32273364, 49.76856476],
                    [13.32280297, 49.76870630],
                    [13.32281397, 49.76881651],
                    [13.32276102, 49.76890177],
                    [13.32275992, 49.76897618],
                    [13.32280909, 49.76902894],
                    [13.32292438, 49.76911486],
                    [13.32313864, 49.76928621],
                    [13.32344462, 49.76948670],
                    [13.32369359, 49.76958047],
                    [13.32382413, 49.76961492],
                    [13.32398007, 49.76979705],
                    [13.32432361, 49.77014917],
                    [13.32435574, 49.77018208],
                    [13.32474232, 49.77056255],
                    [13.32481289, 49.77064329],
                    [13.32498368, 49.77083871],
                    [13.32509677, 49.77109322],
                    [13.32511428, 49.77113085],
                    [13.32516841, 49.77140778],
                    [13.32519640, 49.77155126],
                    [13.32530560, 49.77162126],
                    [13.32570964, 49.77150201],
                    [13.32615744, 49.77135380],
                    [13.32667591, 49.77174556],
                    [13.32708546, 49.77207635],
                    [13.32765969, 49.77219211],
                    [13.32794360, 49.77227164],
                    [13.32820655, 49.77247416],
                    [13.32872782, 49.77231573],
                    [13.32852254, 49.77279616],
                    [13.32838338, 49.77316997],
                    [13.32825869, 49.77349008],
                    [13.32815565, 49.77374986],
                    [13.32790053, 49.77405009],
                    [13.32775574, 49.77422060],
                    [13.32740016, 49.77471537],
                    [13.32729983, 49.77485508],
                    [13.32701497, 49.77524278],
                    [13.32696330, 49.77531308],
                    [13.32650113, 49.77600505],
                    [13.32642981, 49.77628870],
                    [13.32642302, 49.77637716],
                    [13.32641017, 49.77654616],
                    [13.32637603, 49.77699574],
                    [13.32635960, 49.77721095],
                    [13.32634925, 49.77734727],
                    [13.32630784, 49.77741157],
                    [13.32615805, 49.77764435],
                    [13.32601869, 49.77786088],
                    [13.32551098, 49.77796540],
                    [13.32509813, 49.77811128],
                    [13.32464504, 49.77832787],
                    [13.32415536, 49.77861663],
                    [13.32365327, 49.77892727],
                    [13.32300846, 49.77935568],
                    [13.32298131, 49.77942312],
                    [13.32299494, 49.77949011],
                    [13.32305616, 49.77960886],
                    [13.32312405, 49.77969937],
                    [13.32324407, 49.77977683],
                    [13.32296954, 49.77999534],
                    [13.32239487, 49.78035180],
                    [13.32183747, 49.78063483],
                    [13.32126998, 49.78088506],
                    [13.32105421, 49.78096777],
                    [13.32096395, 49.78100930],
                    [13.32059787, 49.78125403],
                    [13.32024579, 49.78159771],
                    [13.31993563, 49.78202233],
                    [13.31978432, 49.78228066],
                    [13.31944936, 49.78257956],
                    [13.31917056, 49.78283339],
                    [13.31882766, 49.78314515],
                    [13.31849506, 49.78350955],
                    [13.31841097, 49.78364903],
                    [13.31816671, 49.78404622],
                    [13.31793773, 49.78432687],
                    [13.31758216, 49.78469321],
                    [13.31770900, 49.78486935],
                    [13.31751252, 49.78510751],
                    [13.31721053, 49.78524829],
                    [13.31702736, 49.78519262],
                    [13.31662817, 49.78514881],
                    [13.31609939, 49.78513988],
                    [13.31587210, 49.78515786],
                    [13.31547382, 49.78514245],
                    [13.31510417, 49.78504521],
                    [13.31480919, 49.78487732],
                    [13.31453376, 49.78477784],
                    [13.31419626, 49.78465777],
                    [13.31396018, 49.78451073],
                    [13.31378314, 49.78429671],
                    [13.31363868, 49.78411481],
                    [13.31351487, 49.78405344],
                    [13.31335291, 49.78404031],
                    [13.31315340, 49.78403503],
                    [13.31299616, 49.78403970],
                    [13.31289462, 49.78407301],
                    [13.31285318, 49.78415416],
                    [13.31282380, 49.78424084],
                    [13.31288537, 49.78437698],
                    [13.31291606, 49.78449272],
                    [13.31294306, 49.78460521],
                    [13.31290091, 49.78467039],
                    [13.31287111, 49.78470213],
                    [13.31282922, 49.78470954],
                    [13.31276328, 49.78478105],
                    [13.31268396, 49.78487146],
                    [13.31263448, 49.78496771],
                    [13.31253735, 49.78503902],
                    [13.31245022, 49.78506798],
                    [13.31230847, 49.78512043],
                    [13.31217714, 49.78518546],
                    [13.31202370, 49.78526855],
                    [13.31191482, 49.78533869],
                    [13.31179056, 49.78543044],
                    [13.31172497, 49.78551932],
                    [13.31170021, 49.78554866],
                    [13.31167206, 49.78555454],
                    [13.31162156, 49.78542818],
                    [13.31154989, 49.78525925],
                    [13.31148797, 49.78510575],
                    [13.31136493, 49.78490871],
                    [13.31125473, 49.78477072],
                    [13.31104112, 49.78454162],
                    [13.31073390, 49.78427438],
                    [13.31040599, 49.78405707],
                    [13.31008612, 49.78384345],
                    [13.30992628, 49.78373488],
                    [13.30979599, 49.78379997],
                    [13.30953379, 49.78398627],
                    [13.30942709, 49.78418729],
                    [13.30918862, 49.78471544],
                    [13.30886698, 49.78506575],
                    [13.30861078, 49.78550386],
                    [13.30830660, 49.78598387],
                    [13.30766716, 49.78608945],
                    [13.30726763, 49.78607596],
                    [13.30689536, 49.78594444],
                    [13.30643239, 49.78579289],
                    [13.30580439, 49.78579845],
                    [13.30532522, 49.78574788],
                    [13.30487062, 49.78582024],
                    [13.30420751, 49.78606596],
                    [13.30363640, 49.78640476],
                    [13.30344926, 49.78656242],
                    [13.30298219, 49.78709652],
                    [13.30278797, 49.78725090],
                    [13.30066243, 49.78756196],
                    [13.30062671, 49.78789990],
                    [13.30035070, 49.78865908],
                    [13.30028688, 49.78877544],
                    [13.30026974, 49.78882929],
                    [13.30020289, 49.78917604],
                    [13.30013921, 49.78935719],
                    [13.30005567, 49.78958854],
                    [13.29995151, 49.78985705],
                    [13.29979125, 49.79019708],
                    [13.29971113, 49.79039374],
                    [13.29968603, 49.79043659],
                    [13.29954124, 49.79090414],
                    [13.29937536, 49.79144671],
                    [13.29925992, 49.79182043],
                    [13.29921812, 49.79201652],
                    [13.29916372, 49.79244459],
                    [13.29914561, 49.79303843],
                    [13.29902389, 49.79344508],
                    [13.29887562, 49.79368303],
                    [13.29875313, 49.79387808],
                    [13.29806817, 49.79384582],
                    [13.29768638, 49.79383694],
                    [13.29693859, 49.79384711],
                    [13.29653476, 49.79388945],
                    [13.29608552, 49.79392797],
                    [13.29583752, 49.79395581],
                    [13.29518974, 49.79404902],
                    [13.29476492, 49.79412922],
                    [13.29426111, 49.79433356],
                    [13.29371733, 49.79449179],
                    [13.29326608, 49.79456873],
                    [13.29225950, 49.79459707],
                    [13.29165967, 49.79463870],
                    [13.29115540, 49.79468212],
                    [13.29070492, 49.79473668],
                    [13.28944945, 49.79490578],
                    [13.28930713, 49.79492767],
                    [13.28896089, 49.79498089],
                    [13.28811533, 49.79505335],
                    [13.28606009, 49.79525740],
                    [13.28597797, 49.79508268],
                    [13.28587420, 49.79491249],
                    [13.28564202, 49.79467626],
                    [13.28551732, 49.79446401],
                    [13.28542044, 49.79422120],
                    [13.28531035, 49.79390379],
                    [13.28526147, 49.79371905],
                    [13.28524039, 49.79350375],
                    [13.28517917, 49.79337108],
                    [13.28513345, 49.79325994],
                    [13.28524004, 49.79315724],
                    [13.28536893, 49.79283492],
                    [13.28468123, 49.79259285],
                    [13.28373705, 49.79254884],
                    [13.28374528, 49.79196554],
                    [13.28379968, 49.79153975],
                    [13.28335302, 49.79159091],
                    [13.28266791, 49.79156321],
                    [13.28266632, 49.79127018],
                    [13.28121296, 49.79139447],
                    [13.28081093, 49.79148654],
                    [13.28103368, 49.79115962],
                    [13.28116465, 49.79076705],
                    [13.28120143, 49.79046119],
                    [13.28121173, 49.78997623],
                    [13.28125693, 49.78908924],
                    [13.28120352, 49.78879218],
                    [13.28111631, 49.78764430],
                    [13.28118410, 49.78735772],
                    [13.28137947, 49.78702421],
                    [13.28173534, 49.78660399],
                    [13.28201775, 49.78620285],
                    [13.28258339, 49.78534075],
                    [13.28301416, 49.78469791],
                    [13.28336117, 49.78415908],
                    [13.28386754, 49.78331481],
                    [13.28384269, 49.78308242],
                    [13.28343313, 49.78289731],
                    [13.28290792, 49.78273037],
                    [13.28103127, 49.78227654],
                    [13.28001087, 49.78220078],
                    [13.27917691, 49.78211805],
                    [13.27723844, 49.78187908],
                    [13.27609065, 49.78173188],
                    [13.27573584, 49.78162339],
                    [13.27521639, 49.78147191],
                    [13.27509809, 49.78140687],
                    [13.27490999, 49.78086617],
                    [13.27476163, 49.78025667],
                    [13.27479052, 49.78008424],
                    [13.27484720, 49.77957711],
                    [13.27453540, 49.77950499],
                    [13.27417226, 49.77932867],
                    [13.27370998, 49.77926781],
                    [13.27347091, 49.77912431],
                    [13.27309157, 49.77961159],
                    [13.27291778, 49.77937938],
                    [13.27286666, 49.77929358],
                    [13.27273807, 49.77907346],
                    [13.27237779, 49.77877289],
                    [13.27226444, 49.77868600],
                    [13.27186418, 49.77838355],
                    [13.27172748, 49.77831103],
                    [13.27134974, 49.77809858],
                    [13.27119491, 49.77800551],
                    [13.27064951, 49.77769527],
                    [13.27040015, 49.77748660],
                    [13.27028188, 49.77734028],
                    [13.27024237, 49.77727707],
                    [13.27016179, 49.77714518],
                    [13.27028504, 49.77675008],
                    [13.27040698, 49.77633205],
                    [13.27052440, 49.77592494],
                    [13.27069513, 49.77532902],
                    [13.27082969, 49.77486966],
                    [13.27095258, 49.77447976],
                    [13.27095979, 49.77447575]
                ]
            ]
        },
        "properties": {
            "OBJEKT": "Honitba - areál",
            "ID_HON": 9,
            "NAZEV": "Malesice",
            "DRZITEL": "HS Malesice",
            "UZIVATEL": "MS Malesice",
            "VYMERA_HA": 921
        }
    }, {
        "type": "Feature",
        "id": "mysliveckehonitby.10603341",
        "geometry": {
            "type": "Point",
            "coordinates": [13.29576766, 49.77705022]
        },
        "properties": {
            "OBJEKT": "Honitba - popis",
            "ID_HON": 9,
            "NAZEV": "Malesice",
            "DRZITEL": "HS Malesice",
            "UZIVATEL": "MS Malesice",
            "VYMERA_HA": 921,
            "text": "9 - Malesice"
        }
    }, {
        "type": "Feature",
        "id": "mysliveckehonitby.10603334",
        "geometry": {
            "type": "Polygon",
            "coordinates": [
                [
                    [13.28940856, 49.76784892],
                    [13.28947738, 49.76757920],
                    [13.28993938, 49.76731270],
                    [13.29037216, 49.76708567],
                    [13.29073069, 49.76694417],
                    [13.29084893, 49.76682223],
                    [13.29089305, 49.76651504],
                    [13.29085548, 49.76634151],
                    [13.29065403, 49.76622624],
                    [13.29044170, 49.76603538],
                    [13.29044793, 49.76587712],
                    [13.29063865, 49.76576862],
                    [13.29107633, 49.76576830],
                    [13.29157682, 49.76581627],
                    [13.29172823, 49.76574889],
                    [13.29168002, 49.76558020],
                    [13.29168179, 49.76536213],
                    [13.29155732, 49.76529263],
                    [13.29102856, 49.76523685],
                    [13.29089523, 49.76519337],
                    [13.29087837, 49.76513285],
                    [13.29096465, 49.76492066],
                    [13.29088719, 49.76491560],
                    [13.28977287, 49.76197610],
                    [13.28946164, 49.76122594],
                    [13.28936807, 49.76094776],
                    [13.28909340, 49.76100656],
                    [13.28907396, 49.76098378],
                    [13.28894448, 49.75923703],
                    [13.28892397, 49.75907855],
                    [13.28867841, 49.75911938],
                    [13.28876387, 49.75782938],
                    [13.29078378, 49.75807400],
                    [13.28958661, 49.75529313],
                    [13.28926769, 49.75454042],
                    [13.28918962, 49.75436557],
                    [13.28853124, 49.75294610],
                    [13.28828789, 49.75250479],
                    [13.28828014, 49.75246752],
                    [13.28793271, 49.75066263],
                    [13.28763730, 49.74898805],
                    [13.28753159, 49.74817449],
                    [13.28746439, 49.74732042],
                    [13.28745464, 49.74694138],
                    [13.28747130, 49.74664450],
                    [13.28752089, 49.74529485],
                    [13.28510229, 49.74517744],
                    [13.28512044, 49.74261358],
                    [13.28514733, 49.74045992],
                    [13.28696317, 49.74064141],
                    [13.28740365, 49.74070336],
                    [13.28775219, 49.74076923],
                    [13.28806872, 49.74089124],
                    [13.28825903, 49.74087428],
                    [13.28801218, 49.74053560],
                    [13.28760363, 49.73990058],
                    [13.28717041, 49.73923443],
                    [13.28620406, 49.73826375],
                    [13.28546646, 49.73768211],
                    [13.28673095, 49.73776717],
                    [13.28773429, 49.73782370],
                    [13.28910176, 49.73791504],
                    [13.29080344, 49.73802780],
                    [13.29101322, 49.73692481],
                    [13.29125486, 49.73549901],
                    [13.29136326, 49.73534165],
                    [13.29171780, 49.73542423],
                    [13.29192946, 49.73547352],
                    [13.29218800, 49.73553373],
                    [13.29336736, 49.73481688],
                    [13.29407487, 49.73500046],
                    [13.29483759, 49.73517582],
                    [13.29525953, 49.73524680],
                    [13.29549537, 49.73528647],
                    [13.29627986, 49.73539589],
                    [13.29645720, 49.73500918],
                    [13.29677588, 49.73510080],
                    [13.29763495, 49.73534772],
                    [13.29849700, 49.73555558],
                    [13.29941353, 49.73576506],
                    [13.29961696, 49.73580334],
                    [13.30047707, 49.73603868],
                    [13.30153633, 49.73615222],
                    [13.30334170, 49.73634909],
                    [13.30438875, 49.73646940],
                    [13.30552777, 49.73669165],
                    [13.30782523, 49.73711865],
                    [13.30879232, 49.73726457],
                    [13.31004327, 49.73736091],
                    [13.31232700, 49.73745856],
                    [13.31363020, 49.73763345],
                    [13.31456232, 49.73788171],
                    [13.31654433, 49.73817882],
                    [13.31907321, 49.73855752],
                    [13.32093355, 49.73886086],
                    [13.32139870, 49.73892886],
                    [13.32175913, 49.73900401],
                    [13.32161464, 49.73940822],
                    [13.32155732, 49.73951696],
                    [13.32140734, 49.73979008],
                    [13.32076771, 49.74180335],
                    [13.32065330, 49.74220552],
                    [13.32040875, 49.74312373],
                    [13.32040852, 49.74340758],
                    [13.32023355, 49.74409305],
                    [13.32087772, 49.74415279],
                    [13.32064379, 49.74525827],
                    [13.32041237, 49.74528852],
                    [13.31994332, 49.74549003],
                    [13.31972058, 49.74574195],
                    [13.31965334, 49.74591828],
                    [13.31981313, 49.74608345],
                    [13.32001504, 49.74618509],
                    [13.32021388, 49.74620758],
                    [13.32046568, 49.74615269],
                    [13.32072809, 49.74645506],
                    [13.31954503, 49.74675823],
                    [13.31976028, 49.74746393],
                    [13.32049093, 49.74734937],
                    [13.32078216, 49.74764969],
                    [13.32093333, 49.74771959],
                    [13.32119800, 49.74779055],
                    [13.32167205, 49.74852486],
                    [13.32276632, 49.74826602],
                    [13.32650681, 49.74735019],
                    [13.32663994, 49.74745367],
                    [13.32750622, 49.74870724],
                    [13.32824378, 49.74981010],
                    [13.32833441, 49.74992839],
                    [13.32855928, 49.74979008],
                    [13.33040486, 49.74892013],
                    [13.33167397, 49.74829242],
                    [13.33437424, 49.74696368],
                    [13.33529003, 49.74648796],
                    [13.33609923, 49.74615701],
                    [13.33818946, 49.74608682],
                    [13.33919863, 49.74606481],
                    [13.33942963, 49.74603663],
                    [13.33950958, 49.74671946],
                    [13.34106070, 49.74692358],
                    [13.34301242, 49.74749203],
                    [13.34410889, 49.74749306],
                    [13.34522105, 49.74721744],
                    [13.34673739, 49.74690828],
                    [13.34738212, 49.74693520],
                    [13.34785060, 49.74710988],
                    [13.34810198, 49.74724480],
                    [13.34935116, 49.74734969],
                    [13.35113863, 49.74745260],
                    [13.35196862, 49.74753447],
                    [13.35222581, 49.74730529],
                    [13.35256462, 49.74675619],
                    [13.35281200, 49.74655793],
                    [13.35355007, 49.74679121],
                    [13.35451837, 49.74688670],
                    [13.35522687, 49.74688315],
                    [13.35625234, 49.74685580],
                    [13.35704595, 49.74698568],
                    [13.35745331, 49.74708562],
                    [13.35855411, 49.74758882],
                    [13.36089787, 49.74874986],
                    [13.36112933, 49.74870081],
                    [13.36170836, 49.74879153],
                    [13.36209063, 49.74888730],
                    [13.36304620, 49.74891722],
                    [13.36384475, 49.74871141],
                    [13.36454738, 49.74885404],
                    [13.36494504, 49.74915017],
                    [13.36521879, 49.74967269],
                    [13.36527688, 49.74990783],
                    [13.36518244, 49.75000865],
                    [13.36476670, 49.75009241],
                    [13.36454564, 49.75012810],
                    [13.36445542, 49.75039220],
                    [13.36461695, 49.75251339],
                    [13.36515713, 49.75257200],
                    [13.36614772, 49.75293570],
                    [13.36675477, 49.75312396],
                    [13.36716867, 49.75310966],
                    [13.36798327, 49.75287787],
                    [13.36875087, 49.75262310],
                    [13.36951126, 49.75245937],
                    [13.37024730, 49.75233913],
                    [13.37089974, 49.75239418],
                    [13.37129925, 49.75256199],
                    [13.37171469, 49.75272219],
                    [13.37250164, 49.75292813],
                    [13.37312676, 49.75309978],
                    [13.37321941, 49.75312725],
                    [13.37271606, 49.75388525],
                    [13.37256972, 49.75444898],
                    [13.37269583, 49.75487710],
                    [13.37279315, 49.75542810],
                    [13.37259078, 49.75574772],
                    [13.37204157, 49.75609744],
                    [13.37148182, 49.75649200],
                    [13.37131255, 49.75685158],
                    [13.37131175, 49.75733787],
                    [13.37128347, 49.75746000],
                    [13.37119324, 49.75754286],
                    [13.37104222, 49.75758303],
                    [13.37069620, 49.75754897],
                    [13.37025452, 49.75756053],
                    [13.36994282, 49.75762158],
                    [13.36979723, 49.75769899],
                    [13.36971453, 49.75781010],
                    [13.36963305, 49.75797637],
                    [13.36960061, 49.75817500],
                    [13.36960672, 49.75845081],
                    [13.36941694, 49.75871651],
                    [13.36921420, 49.75891671],
                    [13.36895488, 49.75905630],
                    [13.36864231, 49.75918149],
                    [13.36842992, 49.75936239],
                    [13.36806476, 49.75971173],
                    [13.36771607, 49.75987004],
                    [13.36677707, 49.76019039],
                    [13.36646626, 49.76018731],
                    [13.36395712, 49.76007780],
                    [13.36372621, 49.76001181],
                    [13.36354176, 49.75989268],
                    [13.36318969, 49.75958266],
                    [13.36276059, 49.75911818],
                    [13.36244345, 49.75871981],
                    [13.36217896, 49.75851937],
                    [13.36179623, 49.75827974],
                    [13.36123479, 49.75807757],
                    [13.36003427, 49.75770230],
                    [13.35736461, 49.75719139],
                    [13.35503468, 49.75674145],
                    [13.35306793, 49.75637315],
                    [13.35187535, 49.75614541],
                    [13.35028141, 49.75587808],
                    [13.34897929, 49.75569458],
                    [13.34773585, 49.75556274],
                    [13.34732607, 49.75555903],
                    [13.34846002, 49.75826563],
                    [13.34839878, 49.75894798],
                    [13.34818236, 49.75926624],
                    [13.34783570, 49.75941561],
                    [13.34735815, 49.75957961],
                    [13.34695337, 49.75991600],
                    [13.34613691, 49.76037699],
                    [13.34549223, 49.76077593],
                    [13.34533383, 49.76106034],
                    [13.34529310, 49.76141423],
                    [13.34533000, 49.76173907],
                    [13.34545930, 49.76197208],
                    [13.34580700, 49.76230006],
                    [13.34638786, 49.76266021],
                    [13.34724433, 49.76299248],
                    [13.34861829, 49.76341249],
                    [13.34977898, 49.76365543],
                    [13.35160675, 49.76377143],
                    [13.35242631, 49.76377882],
                    [13.35346072, 49.76371560],
                    [13.35465963, 49.76351259],
                    [13.35687619, 49.76287760],
                    [13.35797922, 49.76256416],
                    [13.35989362, 49.76200947],
                    [13.36094120, 49.76170890],
                    [13.36184858, 49.76152298],
                    [13.36263171, 49.76144412],
                    [13.36342266, 49.76151285],
                    [13.36388268, 49.76160404],
                    [13.36436196, 49.76173385],
                    [13.36482650, 49.76192642],
                    [13.36491075, 49.76198978],
                    [13.36445318, 49.76243109],
                    [13.36436144, 49.76276160],
                    [13.36421193, 49.76297629],
                    [13.36388401, 49.76334778],
                    [13.36297335, 49.76433178],
                    [13.36162998, 49.76553010],
                    [13.36086756, 49.76624422],
                    [13.36032837, 49.76685184],
                    [13.35886738, 49.76861670],
                    [13.35796825, 49.76961098],
                    [13.35731193, 49.77023459],
                    [13.35672423, 49.77062636],
                    [13.35605016, 49.77096372],
                    [13.35555032, 49.77116224],
                    [13.35476098, 49.77138729],
                    [13.35405020, 49.77151913],
                    [13.35373594, 49.77159093],
                    [13.35294659, 49.77181596],
                    [13.35223819, 49.77205815],
                    [13.35126578, 49.77276071],
                    [13.35036136, 49.77341488],
                    [13.35030352, 49.77372120],
                    [13.35036127, 49.77383703],
                    [13.35039346, 49.77394115],
                    [13.34988486, 49.77405619],
                    [13.34932748, 49.77425819],
                    [13.34881611, 49.77456568],
                    [13.34825597, 49.77496013],
                    [13.34589639, 49.77668218],
                    [13.34552644, 49.77693019],
                    [13.34192819, 49.77952113],
                    [13.34044399, 49.78053104],
                    [13.33955500, 49.78105820],
                    [13.33764810, 49.78211815],
                    [13.33698124, 49.78248368],
                    [13.33642345, 49.78280118],
                    [13.33619161, 49.78294348],
                    [13.33607428, 49.78284013],
                    [13.33594428, 49.78279059],
                    [13.33581968, 49.78277829],
                    [13.33569203, 49.78283911],
                    [13.33552614, 49.78294204],
                    [13.33535882, 49.78287046],
                    [13.33492587, 49.78254323],
                    [13.33395930, 49.78159432],
                    [13.33303228, 49.78070808],
                    [13.33326098, 49.77957992],
                    [13.32913462, 49.78073303],
                    [13.32875584, 49.78063205],
                    [13.32847949, 49.78046650],
                    [13.32817014, 49.78012689],
                    [13.32787095, 49.77957417],
                    [13.32705437, 49.77773045],
                    [13.32602469, 49.77789504],
                    [13.32601869, 49.77786088],
                    [13.32615805, 49.77764435],
                    [13.32630784, 49.77741157],
                    [13.32634925, 49.77734727],
                    [13.32635960, 49.77721095],
                    [13.32637603, 49.77699574],
                    [13.32641017, 49.77654616],
                    [13.32642302, 49.77637716],
                    [13.32642981, 49.77628870],
                    [13.32650113, 49.77600505],
                    [13.32696330, 49.77531308],
                    [13.32701497, 49.77524278],
                    [13.32729983, 49.77485508],
                    [13.32740016, 49.77471537],
                    [13.32775574, 49.77422060],
                    [13.32790053, 49.77405009],
                    [13.32815565, 49.77374986],
                    [13.32825869, 49.77349008],
                    [13.32838338, 49.77316997],
                    [13.32852254, 49.77279616],
                    [13.32872782, 49.77231573],
                    [13.32820655, 49.77247416],
                    [13.32794360, 49.77227164],
                    [13.32765969, 49.77219211],
                    [13.32708546, 49.77207635],
                    [13.32667591, 49.77174556],
                    [13.32615744, 49.77135380],
                    [13.32570964, 49.77150201],
                    [13.32530560, 49.77162126],
                    [13.32519640, 49.77155126],
                    [13.32516841, 49.77140778],
                    [13.32511428, 49.77113085],
                    [13.32509677, 49.77109322],
                    [13.32498368, 49.77083871],
                    [13.32481289, 49.77064329],
                    [13.32474232, 49.77056255],
                    [13.32435574, 49.77018208],
                    [13.32432361, 49.77014917],
                    [13.32398007, 49.76979705],
                    [13.32382413, 49.76961492],
                    [13.32369359, 49.76958047],
                    [13.32344462, 49.76948670],
                    [13.32313864, 49.76928621],
                    [13.32292438, 49.76911486],
                    [13.32280909, 49.76902894],
                    [13.32275992, 49.76897618],
                    [13.32276102, 49.76890177],
                    [13.32281397, 49.76881651],
                    [13.32280297, 49.76870630],
                    [13.32273364, 49.76856476],
                    [13.32262816, 49.76843723],
                    [13.32230706, 49.76786523],
                    [13.32176823, 49.76690308],
                    [13.32125301, 49.76593500],
                    [13.32093964, 49.76534778],
                    [13.32050697, 49.76459409],
                    [13.32044779, 49.76450265],
                    [13.31987880, 49.76465522],
                    [13.31959842, 49.76472600],
                    [13.31933210, 49.76479426],
                    [13.31893001, 49.76490658],
                    [13.31872682, 49.76495843],
                    [13.31849745, 49.76501889],
                    [13.31838266, 49.76504956],
                    [13.31824804, 49.76508509],
                    [13.31801077, 49.76514512],
                    [13.31796531, 49.76515745],
                    [13.31775484, 49.76521040],
                    [13.31771096, 49.76522380],
                    [13.31743122, 49.76530965],
                    [13.31726633, 49.76536701],
                    [13.31705060, 49.76544487],
                    [13.31603329, 49.76579299],
                    [13.31487162, 49.76618113],
                    [13.31476641, 49.76621384],
                    [13.31461660, 49.76597820],
                    [13.31425148, 49.76610149],
                    [13.31416464, 49.76585800],
                    [13.31405184, 49.76553266],
                    [13.31390234, 49.76516378],
                    [13.31368817, 49.76457401],
                    [13.31351309, 49.76404972],
                    [13.31340243, 49.76378007],
                    [13.31331638, 49.76358208],
                    [13.31316163, 49.76321791],
                    [13.31308424, 49.76308874],
                    [13.31292593, 49.76289799],
                    [13.31217529, 49.76239639],
                    [13.31150356, 49.76196407],
                    [13.31091410, 49.76160342],
                    [13.31076217, 49.76151047],
                    [13.31033461, 49.76117604],
                    [13.31028300, 49.76114118],
                    [13.31005284, 49.76127335],
                    [13.30995579, 49.76138884],
                    [13.30977269, 49.76153838],
                    [13.30939153, 49.76176148],
                    [13.30898758, 49.76201161],
                    [13.30825727, 49.76239177],
                    [13.30746653, 49.76273560],
                    [13.30720294, 49.76282419],
                    [13.30668161, 49.76304531],
                    [13.30634629, 49.76322534],
                    [13.30563694, 49.76353593],
                    [13.30547443, 49.76360414],
                    [13.30497745, 49.76378204],
                    [13.30458091, 49.76389451],
                    [13.30429462, 49.76398022],
                    [13.30399847, 49.76406097],
                    [13.30376952, 49.76410375],
                    [13.30351276, 49.76415767],
                    [13.30297061, 49.76426663],
                    [13.30277290, 49.76431052],
                    [13.30248933, 49.76438459],
                    [13.30213097, 49.76450877],
                    [13.30195721, 49.76457785],
                    [13.30183515, 49.76464806],
                    [13.30153149, 49.76482725],
                    [13.30105802, 49.76510873],
                    [13.30064504, 49.76536627],
                    [13.30032159, 49.76560762],
                    [13.30020347, 49.76577001],
                    [13.30007742, 49.76587376],
                    [13.29993481, 49.76595997],
                    [13.29978435, 49.76602092],
                    [13.29967910, 49.76605046],
                    [13.29958628, 49.76614710],
                    [13.29934208, 49.76619999],
                    [13.29923716, 49.76622263],
                    [13.29887013, 49.76630103],
                    [13.29813669, 49.76648518],
                    [13.29795190, 49.76653417],
                    [13.29764804, 49.76656682],
                    [13.29735472, 49.76663870],
                    [13.29714706, 49.76668793],
                    [13.29704574, 49.76713501],
                    [13.29695259, 49.76740543],
                    [13.29679669, 49.76791927],
                    [13.29657748, 49.76807924],
                    [13.29622352, 49.76831469],
                    [13.29604639, 49.76845926],
                    [13.29590373, 49.76872505],
                    [13.29575988, 49.76890017],
                    [13.29565532, 49.76912363],
                    [13.29558315, 49.76918568],
                    [13.29545529, 49.76927173],
                    [13.29496245, 49.76983508],
                    [13.29484031, 49.76990307],
                    [13.29462801, 49.76996720],
                    [13.29454529, 49.76996964],
                    [13.29400294, 49.76995113],
                    [13.29364251, 49.76982695],
                    [13.29333618, 49.76973272],
                    [13.29303324, 49.76968979],
                    [13.29272736, 49.76966705],
                    [13.29258845, 49.76966393],
                    [13.29237795, 49.76968566],
                    [13.29228627, 49.76970027],
                    [13.29201041, 49.76967844],
                    [13.29172095, 49.76956423],
                    [13.29148548, 49.76950038],
                    [13.29135384, 49.76951914],
                    [13.29127321, 49.76950105],
                    [13.29125764, 49.76946418],
                    [13.29112335, 49.76939495],
                    [13.29102550, 49.76926603],
                    [13.29072190, 49.76909117],
                    [13.29060296, 49.76891848],
                    [13.29065294, 49.76876952],
                    [13.29097234, 49.76864885],
                    [13.29099031, 49.76856866],
                    [13.29087011, 49.76844817],
                    [13.29078368, 49.76840493],
                    [13.29041734, 49.76822172],
                    [13.29018737, 49.76815561],
                    [13.28993122, 49.76811136],
                    [13.28972888, 49.76808067],
                    [13.28958860, 49.76795664],
                    [13.28940856, 49.76784892]
                ]
            ]
        },
        "properties": {
            "OBJEKT": "Honitba - areál",
            "ID_HON": 10,
            "NAZEV": "Radčice",
            "DRZITEL": "HS Radčice",
            "UZIVATEL": "MS Křimice-Radčice",
            "VYMERA_HA": 1036
        }
    }, {
        "type": "Feature",
        "id": "mysliveckehonitby.10603342",
        "geometry": {
            "type": "Point",
            "coordinates": [13.32171934, 49.75606454]
        },
        "properties": {
            "OBJEKT": "Honitba - popis",
            "ID_HON": 10,
            "NAZEV": "Radčice",
            "DRZITEL": "HS Radčice",
            "UZIVATEL": "MS Křimice-Radčice",
            "VYMERA_HA": 1036,
            "text": "10 - Radčice"
        }
    }, {
        "type": "Feature",
        "id": "mysliveckehonitby.10603335",
        "geometry": {
            "type": "Polygon",
            "coordinates": [
                [
                    [13.38215750, 49.78925854],
                    [13.38253940, 49.78932363],
                    [13.38277896, 49.78928072],
                    [13.38315672, 49.78915239],
                    [13.38339005, 49.78906503],
                    [13.38360258, 49.78897561],
                    [13.38379027, 49.78896188],
                    [13.38393907, 49.78896272],
                    [13.38395548, 49.78892297],
                    [13.38397865, 49.78882414],
                    [13.38412495, 49.78835137],
                    [13.38476587, 49.78729615],
                    [13.38504312, 49.78685821],
                    [13.38567122, 49.78568264],
                    [13.38581618, 49.78570179],
                    [13.38589516, 49.78549075],
                    [13.38600463, 49.78553827],
                    [13.38601868, 49.78559940],
                    [13.38602579, 49.78565984],
                    [13.38602196, 49.78579734],
                    [13.38601451, 49.78622263],
                    [13.38613215, 49.78632610],
                    [13.38633258, 49.78646988],
                    [13.38639834, 49.78652229],
                    [13.38639115, 49.78661350],
                    [13.38637114, 49.78669886],
                    [13.38630654, 49.78685337],
                    [13.38626846, 49.78695532],
                    [13.38628165, 49.78708071],
                    [13.38628350, 49.78716361],
                    [13.38699162, 49.78713286],
                    [13.38753977, 49.78714278],
                    [13.38783174, 49.78702313],
                    [13.38801108, 49.78686923],
                    [13.38813315, 49.78673553],
                    [13.38812858, 49.78657702],
                    [13.38775307, 49.78632487],
                    [13.38780361, 49.78612540],
                    [13.38792276, 49.78585191],
                    [13.38804390, 49.78560826],
                    [13.38825428, 49.78482135],
                    [13.38834592, 49.78473295],
                    [13.38904227, 49.78437165],
                    [13.39031692, 49.78390217],
                    [13.39053115, 49.78385045],
                    [13.39108920, 49.78368427],
                    [13.39169705, 49.78340920],
                    [13.39187385, 49.78327679],
                    [13.39214912, 49.78318632],
                    [13.39240488, 49.78317148],
                    [13.39275193, 49.78344122],
                    [13.39318020, 49.78398864],
                    [13.39352315, 49.78388563],
                    [13.39412550, 49.78367958],
                    [13.39465132, 49.78353577],
                    [13.39561848, 49.78328664],
                    [13.39640805, 49.78306544],
                    [13.39692000, 49.78290889],
                    [13.39761430, 49.78267786],
                    [13.39912631, 49.78219694],
                    [13.39956626, 49.78189663],
                    [13.39931318, 49.78174303],
                    [13.39924022, 49.78159755],
                    [13.39899324, 49.78113642],
                    [13.39868007, 49.78114534],
                    [13.39827622, 49.78087926],
                    [13.39801616, 49.78046632],
                    [13.39812991, 49.78033735],
                    [13.39896570, 49.77955726],
                    [13.39918228, 49.77919056],
                    [13.39919856, 49.77909039],
                    [13.39924867, 49.77878029],
                    [13.39927857, 49.77859616],
                    [13.39925144, 49.77849546],
                    [13.39924038, 49.77844503],
                    [13.39879863, 49.77846685],
                    [13.39843841, 49.77855444],
                    [13.39780071, 49.77877331],
                    [13.39738181, 49.77892173],
                    [13.39679407, 49.77912885],
                    [13.39585212, 49.77945471],
                    [13.39545558, 49.77957564],
                    [13.39488561, 49.77965691],
                    [13.39421530, 49.77973961],
                    [13.39372874, 49.77987062],
                    [13.39351908, 49.77990923],
                    [13.39299335, 49.77997253],
                    [13.39264413, 49.78003122],
                    [13.39247295, 49.77986167],
                    [13.39188066, 49.77941237],
                    [13.39110145, 49.77892210],
                    [13.39070366, 49.77862100],
                    [13.39060977, 49.77844628],
                    [13.39060085, 49.77815119],
                    [13.39065094, 49.77796763],
                    [13.39057110, 49.77785406],
                    [13.39019835, 49.77753702],
                    [13.38984833, 49.77715326],
                    [13.38965951, 49.77680831],
                    [13.38951095, 49.77643383],
                    [13.38938388, 49.77621907],
                    [13.38911691, 49.77578370],
                    [13.38890414, 49.77545020],
                    [13.38872723, 49.77532708],
                    [13.38852845, 49.77520642],
                    [13.38848814, 49.77510592],
                    [13.38882816, 49.77468421],
                    [13.38920768, 49.77427559],
                    [13.38944774, 49.77412907],
                    [13.38959157, 49.77407246],
                    [13.39040225, 49.77391305],
                    [13.39144580, 49.77369836],
                    [13.39237883, 49.77344062],
                    [13.39321602, 49.77307694],
                    [13.39438560, 49.77257541],
                    [13.39520303, 49.77220516],
                    [13.39641706, 49.77162562],
                    [13.39806254, 49.77089994],
                    [13.39919326, 49.77046391],
                    [13.39970956, 49.77012208],
                    [13.40085994, 49.76938958],
                    [13.40176589, 49.76876172],
                    [13.40187979, 49.76869939],
                    [13.40196301, 49.76870756],
                    [13.40232838, 49.76885825],
                    [13.40360583, 49.76946162],
                    [13.40445762, 49.76970148],
                    [13.40520593, 49.76986226],
                    [13.40567744, 49.76990852],
                    [13.40601321, 49.76986792],
                    [13.40653768, 49.76980906],
                    [13.40670830, 49.76980741],
                    [13.40685033, 49.76986731],
                    [13.40694446, 49.76995008],
                    [13.40692807, 49.77014151],
                    [13.40678350, 49.77027442],
                    [13.40638637, 49.77045608],
                    [13.40611740, 49.77069628],
                    [13.40596524, 49.77110420],
                    [13.40578325, 49.77157910],
                    [13.40612825, 49.77204499],
                    [13.40651404, 49.77227587],
                    [13.40753822, 49.77268887],
                    [13.40812027, 49.77292981],
                    [13.40843935, 49.77362812],
                    [13.40893668, 49.77489888],
                    [13.40931465, 49.77589148],
                    [13.40995069, 49.77687264],
                    [13.41000717, 49.77708499],
                    [13.40988407, 49.77897651],
                    [13.40990784, 49.78209941],
                    [13.40990572, 49.78234091],
                    [13.40991176, 49.78328864],
                    [13.40988955, 49.78478777],
                    [13.40988091, 49.78555263],
                    [13.40986991, 49.78626088],
                    [13.40990693, 49.78645275],
                    [13.41016496, 49.78757759],
                    [13.41039435, 49.78861178],
                    [13.41095692, 49.79108335],
                    [13.41107927, 49.79163470],
                    [13.41112474, 49.79207039],
                    [13.41070900, 49.79203109],
                    [13.41026660, 49.79170937],
                    [13.41003324, 49.79114377],
                    [13.40899837, 49.79074631],
                    [13.40810582, 49.79040345],
                    [13.40780085, 49.79091091],
                    [13.40759437, 49.79140202],
                    [13.40743934, 49.79190381],
                    [13.40729368, 49.79245017],
                    [13.40708466, 49.79299050],
                    [13.40701606, 49.79386252],
                    [13.40741825, 49.79439093],
                    [13.40783974, 49.79504883],
                    [13.40813557, 49.79560082],
                    [13.40825088, 49.79610292],
                    [13.40825338, 49.79660325],
                    [13.40821054, 49.79714186],
                    [13.40858534, 49.79836882],
                    [13.40856170, 49.79869206],
                    [13.40828276, 49.79922436],
                    [13.40799333, 49.79961049],
                    [13.40778683, 49.79980132],
                    [13.40741256, 49.80020959],
                    [13.40707894, 49.80097606],
                    [13.40702047, 49.80160600],
                    [13.40709030, 49.80218604],
                    [13.40690992, 49.80288059],
                    [13.40643442, 49.80320974],
                    [13.40583104, 49.80237360],
                    [13.40411309, 49.80000313],
                    [13.40173806, 49.79675229],
                    [13.40141352, 49.79628792],
                    [13.40066870, 49.79651932],
                    [13.39761827, 49.79746539],
                    [13.39636396, 49.79785467],
                    [13.39384601, 49.79863737],
                    [13.39291868, 49.79892485],
                    [13.39287258, 49.79895915],
                    [13.39313854, 49.79982306],
                    [13.39329963, 49.80031681],
                    [13.39351593, 49.80072638],
                    [13.39389792, 49.80139807],
                    [13.39248553, 49.80164089],
                    [13.39299540, 49.80276631],
                    [13.39314591, 49.80279028],
                    [13.39384449, 49.80286803],
                    [13.39487124, 49.80278654],
                    [13.39512467, 49.80304768],
                    [13.39497324, 49.80312367],
                    [13.39529018, 49.80347073],
                    [13.39552355, 49.80341185],
                    [13.39602244, 49.80387458],
                    [13.39587298, 49.80395659],
                    [13.39602149, 49.80407532],
                    [13.39661915, 49.80443253],
                    [13.39725170, 49.80485287],
                    [13.39776422, 49.80527062],
                    [13.39816326, 49.80552868],
                    [13.39555471, 49.80538727],
                    [13.39463851, 49.80538673],
                    [13.39352888, 49.80529548],
                    [13.39264242, 49.80541037],
                    [13.39147387, 49.80547037],
                    [13.39052214, 49.80545660],
                    [13.39013193, 49.80541639],
                    [13.38975455, 49.80540480],
                    [13.38874162, 49.80521868],
                    [13.38766569, 49.80504483],
                    [13.38698414, 49.80495571],
                    [13.38627720, 49.80496049],
                    [13.38515070, 49.80507603],
                    [13.38435047, 49.80507774],
                    [13.38342044, 49.80500375],
                    [13.38222406, 49.80498880],
                    [13.38045189, 49.80496702],
                    [13.37791576, 49.80488813],
                    [13.37634633, 49.80510538],
                    [13.37573889, 49.80496091],
                    [13.37502467, 49.80445243],
                    [13.37440868, 49.80396906],
                    [13.37411818, 49.80383937],
                    [13.37348313, 49.80352829],
                    [13.37242870, 49.80301708],
                    [13.37193418, 49.80294244],
                    [13.37106450, 49.80269239],
                    [13.37027127, 49.80233935],
                    [13.36956278, 49.80185231],
                    [13.36909823, 49.80184281],
                    [13.36890905, 49.80187650],
                    [13.36738668, 49.80166789],
                    [13.36650364, 49.80127688],
                    [13.36563661, 49.80120958],
                    [13.36511737, 49.80131028],
                    [13.36402973, 49.80110002],
                    [13.36377225, 49.80100219],
                    [13.36259233, 49.80077211],
                    [13.36222960, 49.80062645],
                    [13.36168629, 49.80046656],
                    [13.36067988, 49.80037777],
                    [13.35995285, 49.80044543],
                    [13.35803137, 49.80039812],
                    [13.35650439, 49.80039409],
                    [13.35564768, 49.80024887],
                    [13.35391664, 49.80052229],
                    [13.35258361, 49.80071939],
                    [13.35202180, 49.80077327],
                    [13.35171901, 49.80075708],
                    [13.35169902, 49.80074111],
                    [13.35161564, 49.80067441],
                    [13.35151522, 49.80073455],
                    [13.35172277, 49.79983586],
                    [13.35184941, 49.79936667],
                    [13.35216239, 49.79829502],
                    [13.35297345, 49.79699213],
                    [13.35457649, 49.79557909],
                    [13.35465053, 49.79544286],
                    [13.35541331, 49.79410811],
                    [13.35623006, 49.79260096],
                    [13.35694094, 49.79212874],
                    [13.35875711, 49.79096549],
                    [13.35928118, 49.79056045],
                    [13.36013987, 49.78987076],
                    [13.36081719, 49.78932574],
                    [13.36143324, 49.78847874],
                    [13.36134471, 49.78787186],
                    [13.36353135, 49.78818882],
                    [13.36401943, 49.78794447],
                    [13.36435557, 49.78761014],
                    [13.36473479, 49.78736153],
                    [13.36520258, 49.78719576],
                    [13.36568895, 49.78707883],
                    [13.36613583, 49.78697576],
                    [13.36690220, 49.78684610],
                    [13.36750394, 49.78674334],
                    [13.36807770, 49.78666457],
                    [13.36888119, 49.78655683],
                    [13.37055778, 49.78606625],
                    [13.37172432, 49.78569291],
                    [13.37223498, 49.78554716],
                    [13.37323524, 49.78545192],
                    [13.37342630, 49.78549191],
                    [13.37369854, 49.78531761],
                    [13.37389043, 49.78516039],
                    [13.37393159, 49.78519660],
                    [13.37434197, 49.78549705],
                    [13.37459427, 49.78570336],
                    [13.37478529, 49.78594728],
                    [13.37502368, 49.78635206],
                    [13.37514361, 49.78671763],
                    [13.37514085, 49.78706195],
                    [13.37539499, 49.78718801],
                    [13.37674651, 49.78792739],
                    [13.37668690, 49.78815125],
                    [13.37659165, 49.78858754],
                    [13.37653598, 49.78894577],
                    [13.37645174, 49.78961833],
                    [13.37657623, 49.78961102],
                    [13.37823159, 49.78951340],
                    [13.37847393, 49.78945204],
                    [13.37882712, 49.78936739],
                    [13.37924776, 49.78920672],
                    [13.37954400, 49.78915319],
                    [13.37999230, 49.78914675],
                    [13.38090655, 49.78914937],
                    [13.38149456, 49.78915207],
                    [13.38186573, 49.78920232],
                    [13.38215750, 49.78925854]
                ]
            ]
        },
        "properties": {
            "OBJEKT": "Honitba - areál",
            "ID_HON": 14,
            "NAZEV": "Bolevec",
            "DRZITEL": "SVSMP",
            "UZIVATEL": "MS Lesopark Bolevec",
            "VYMERA_HA": 788
        }
    }, {
        "type": "Feature",
        "id": "mysliveckehonitby.10603340",
        "geometry": {
            "type": "Point",
            "coordinates": [13.38758426, 49.79286125]
        },
        "properties": {
            "OBJEKT": "Honitba - popis",
            "ID_HON": 14,
            "NAZEV": "Bolevec",
            "DRZITEL": "SVSMP",
            "UZIVATEL": "MS Lesopark Bolevec",
            "VYMERA_HA": 788,
            "text": "14 - Bolevec"
        }
    }, {
        "type": "Feature",
        "id": "mysliveckehonitby.16810110",
        "geometry": {
            "type": "Polygon",
            "coordinates": [
                [
                    [13.28150683, 49.70864552],
                    [13.28234047, 49.70828866],
                    [13.28315807, 49.70799961],
                    [13.28400770, 49.70757490],
                    [13.28511456, 49.70696747],
                    [13.28654016, 49.70606770],
                    [13.28762775, 49.70508810],
                    [13.28868292, 49.70394327],
                    [13.28920516, 49.70339347],
                    [13.29020903, 49.70201215],
                    [13.29052278, 49.70204330],
                    [13.29062452, 49.70191455],
                    [13.29104249, 49.70165523],
                    [13.29181973, 49.70138527],
                    [13.29214378, 49.70107033],
                    [13.29228000, 49.70064419],
                    [13.29267661, 49.70047529],
                    [13.29337630, 49.70038275],
                    [13.29432534, 49.70029181],
                    [13.29523990, 49.70049827],
                    [13.29632918, 49.70102286],
                    [13.29779129, 49.70163072],
                    [13.29929650, 49.70235852],
                    [13.29953275, 49.70256707],
                    [13.30022018, 49.70328317],
                    [13.30107416, 49.70420089],
                    [13.30186090, 49.70494995],
                    [13.30197126, 49.70523857],
                    [13.30206686, 49.70583560],
                    [13.30146431, 49.70698190],
                    [13.30660115, 49.70765651],
                    [13.31159570, 49.70845460],
                    [13.31461050, 49.70900128],
                    [13.31490964, 49.70893995],
                    [13.31590420, 49.70862500],
                    [13.31687954, 49.70827141],
                    [13.31802418, 49.70798050],
                    [13.31894453, 49.70786032],
                    [13.32012589, 49.70789458],
                    [13.32223647, 49.70801161],
                    [13.32403461, 49.70837331],
                    [13.32545513, 49.70883542],
                    [13.32690337, 49.70930025],
                    [13.32718275, 49.70938300],
                    [13.32815913, 49.70962658],
                    [13.32894790, 49.70970460],
                    [13.32962058, 49.70973438],
                    [13.33028575, 49.70973585],
                    [13.33103911, 49.70966337],
                    [13.33154457, 49.70962148],
                    [13.33170312, 49.70960960],
                    [13.33212014, 49.70952222],
                    [13.33231784, 49.70940305],
                    [13.33236246, 49.70927988],
                    [13.33235973, 49.70913339],
                    [13.33239816, 49.70899384],
                    [13.33268884, 49.70865674],
                    [13.33582737, 49.70923648],
                    [13.33602722, 49.70937159],
                    [13.33608705, 49.70948489],
                    [13.33616978, 49.71046664],
                    [13.33626288, 49.71090363],
                    [13.33650700, 49.71103966],
                    [13.33692231, 49.71101886],
                    [13.33712060, 49.71106199],
                    [13.33724117, 49.71121171],
                    [13.33734415, 49.71232400],
                    [13.33767416, 49.71370741],
                    [13.33771395, 49.71434768],
                    [13.33761120, 49.71493719],
                    [13.33760886, 49.71557477],
                    [13.33787698, 49.71615829],
                    [13.33818102, 49.71649151],
                    [13.33878652, 49.71692800],
                    [13.33977746, 49.71741175],
                    [13.34080783, 49.71790858],
                    [13.34196568, 49.71876709],
                    [13.34268790, 49.71927381],
                    [13.34354196, 49.71991856],
                    [13.34439814, 49.72055432],
                    [13.34468605, 49.72077567],
                    [13.34536246, 49.72097108],
                    [13.34581739, 49.72114461],
                    [13.34591665, 49.72126466],
                    [13.34588621, 49.72145457],
                    [13.34214842, 49.72156664],
                    [13.34174868, 49.72242271],
                    [13.34148722, 49.72284853],
                    [13.33954679, 49.72267776],
                    [13.33890913, 49.72267907],
                    [13.33850491, 49.72283206],
                    [13.33780560, 49.72339686],
                    [13.33697231, 49.72404949],
                    [13.33646062, 49.72423779],
                    [13.33600288, 49.72425686],
                    [13.33313915, 49.72426783],
                    [13.33079087, 49.72437561],
                    [13.32789544, 49.72452111],
                    [13.32671812, 49.72458843],
                    [13.32501723, 49.72467744],
                    [13.32471927, 49.72473984],
                    [13.32332257, 49.72477623],
                    [13.32303360, 49.72478804],
                    [13.32126644, 49.72483369],
                    [13.32016138, 49.72483459],
                    [13.31905441, 49.72496391],
                    [13.31923844, 49.72550580],
                    [13.31629216, 49.72586649],
                    [13.31417292, 49.72614362],
                    [13.31252968, 49.72650459],
                    [13.31195156, 49.72649328],
                    [13.31176374, 49.72649961],
                    [13.31162259, 49.72637461],
                    [13.31159538, 49.72607448],
                    [13.31182109, 49.72606702],
                    [13.31175689, 49.72515389],
                    [13.31034440, 49.72519091],
                    [13.31036433, 49.72547215],
                    [13.30953296, 49.72565017],
                    [13.30816875, 49.72607537],
                    [13.30538166, 49.72407479],
                    [13.30260408, 49.72206536],
                    [13.29980573, 49.72003948],
                    [13.29784576, 49.71867568],
                    [13.29467777, 49.71676215],
                    [13.29307511, 49.71587528],
                    [13.28956432, 49.71370862],
                    [13.28548836, 49.71123775],
                    [13.28343742, 49.70997382],
                    [13.28150683, 49.70864552]
                ]
            ]
        },
        "properties": {
            "OBJEKT": "Honitba - areál",
            "ID_HON": 15,
            "NAZEV": "Nová Hospoda",
            "DRZITEL": "SVSMP",
            "UZIVATEL": "Václav Zeman",
            "VYMERA_HA": 635
        }
    }, {
        "type": "Feature",
        "id": "mysliveckehonitby.10603343",
        "geometry": {
            "type": "Point",
            "coordinates": [13.31367739, 49.71481384]
        },
        "properties": {
            "OBJEKT": "Honitba - popis",
            "ID_HON": 15,
            "NAZEV": "Nová Hospoda",
            "DRZITEL": "SVSMP",
            "UZIVATEL": "Václav Zeman",
            "VYMERA_HA": 553,
            "text": "15 - Nová Hospoda"
        }
    }, {
        "type": "Feature",
        "id": "mysliveckehonitby.16810111",
        "geometry": {
            "type": "Polygon",
            "coordinates": [
                [
                    [13.29020903, 49.70201215],
                    [13.29134411, 49.70052815],
                    [13.29178836, 49.69985490],
                    [13.29213088, 49.69931040],
                    [13.29229662, 49.69891032],
                    [13.29284010, 49.69827006],
                    [13.29313022, 49.69807149],
                    [13.29673908, 49.69284340],
                    [13.30130367, 49.68636550],
                    [13.30301778, 49.68355289],
                    [13.30512204, 49.68156253],
                    [13.30836749, 49.67968531],
                    [13.31120999, 49.67852637],
                    [13.31596356, 49.67768313],
                    [13.32067762, 49.67737167],
                    [13.32629873, 49.67747333],
                    [13.33248283, 49.67816117],
                    [13.33772307, 49.67938722],
                    [13.34441671, 49.68138850],
                    [13.35104273, 49.68326541],
                    [13.35832740, 49.68474248],
                    [13.36430282, 49.68566046],
                    [13.36652303, 49.68559876],
                    [13.36720182, 49.68768787],
                    [13.36710605, 49.68909395],
                    [13.36718078, 49.69076960],
                    [13.36689484, 49.69331969],
                    [13.36599312, 49.69550572],
                    [13.36510461, 49.69829971],
                    [13.36435006, 49.70085415],
                    [13.36342702, 49.70835803],
                    [13.36508469, 49.70964155],
                    [13.36518036, 49.70978917],
                    [13.36495941, 49.70979303],
                    [13.36158450, 49.70964981],
                    [13.35656583, 49.70962232],
                    [13.35664684, 49.71010114],
                    [13.35743694, 49.71497536],
                    [13.35758881, 49.71540736],
                    [13.35809343, 49.71578071],
                    [13.35889141, 49.71636489],
                    [13.35948122, 49.71684008],
                    [13.35986739, 49.71726990],
                    [13.35986919, 49.71790222],
                    [13.35970369, 49.71832632],
                    [13.35944809, 49.71880816],
                    [13.35934626, 49.71907613],
                    [13.35942450, 49.71932394],
                    [13.35926800, 49.71955062],
                    [13.35873407, 49.71975058],
                    [13.35849441, 49.71994166],
                    [13.35560856, 49.72119795],
                    [13.35533826, 49.72143654],
                    [13.35470867, 49.72204385],
                    [13.35414902, 49.72193811],
                    [13.35377480, 49.72220434],
                    [13.35338652, 49.72211550],
                    [13.35286662, 49.72208946],
                    [13.35181519, 49.72208676],
                    [13.35068596, 49.72200059],
                    [13.34939656, 49.72168386],
                    [13.34807035, 49.72127507],
                    [13.34687670, 49.72131011],
                    [13.34591665, 49.72126466],
                    [13.34581739, 49.72114461],
                    [13.34536246, 49.72097108],
                    [13.34468605, 49.72077567],
                    [13.34439814, 49.72055432],
                    [13.34354196, 49.71991856],
                    [13.34268790, 49.71927381],
                    [13.34196568, 49.71876709],
                    [13.34080783, 49.71790858],
                    [13.33977746, 49.71741175],
                    [13.33878652, 49.71692800],
                    [13.33818102, 49.71649151],
                    [13.33787698, 49.71615829],
                    [13.33760886, 49.71557477],
                    [13.33761120, 49.71493719],
                    [13.33771395, 49.71434768],
                    [13.33767416, 49.71370741],
                    [13.33734415, 49.71232400],
                    [13.33724117, 49.71121171],
                    [13.33712060, 49.71106199],
                    [13.33692231, 49.71101886],
                    [13.33650700, 49.71103966],
                    [13.33626288, 49.71090363],
                    [13.33616978, 49.71046664],
                    [13.33608705, 49.70948489],
                    [13.33602722, 49.70937159],
                    [13.33582737, 49.70923648],
                    [13.33268884, 49.70865674],
                    [13.33146435, 49.70836559],
                    [13.33094613, 49.70841546],
                    [13.33020558, 49.70858237],
                    [13.32980739, 49.70861882],
                    [13.32936500, 49.70851187],
                    [13.32826501, 49.70830195],
                    [13.32742400, 49.70814194],
                    [13.32397367, 49.70773739],
                    [13.32203026, 49.70746926],
                    [13.32072251, 49.70731455],
                    [13.31970192, 49.70726406],
                    [13.31811022, 49.70715701],
                    [13.31713061, 49.70709792],
                    [13.31645720, 49.70714494],
                    [13.31588507, 49.70734095],
                    [13.31544487, 49.70763847],
                    [13.31488548, 49.70844216],
                    [13.31461050, 49.70900128],
                    [13.31159570, 49.70845460],
                    [13.30660115, 49.70765651],
                    [13.30146431, 49.70698190],
                    [13.30206686, 49.70583560],
                    [13.30197126, 49.70523857],
                    [13.30186090, 49.70494995],
                    [13.30107416, 49.70420089],
                    [13.30022018, 49.70328317],
                    [13.29953275, 49.70256707],
                    [13.29929650, 49.70235852],
                    [13.29779129, 49.70163072],
                    [13.29632918, 49.70102286],
                    [13.29523990, 49.70049827],
                    [13.29432534, 49.70029181],
                    [13.29337630, 49.70038275],
                    [13.29267661, 49.70047529],
                    [13.29228000, 49.70064419],
                    [13.29214378, 49.70107033],
                    [13.29181973, 49.70138527],
                    [13.29104249, 49.70165523],
                    [13.29062452, 49.70191455],
                    [13.29052278, 49.70204330],
                    [13.29020903, 49.70201215]
                ]
            ]
        },
        "properties": {
            "OBJEKT": "Honitba - areál",
            "ID_HON": 6,
            "NAZEV": "Litice",
            "DRZITEL": "HS Plzeň - Litice",
            "UZIVATEL": "MS Litice",
            "VYMERA_HA": 1212
        }
    }, {
        "type": "Feature",
        "id": "mysliveckehonitby.10603344",
        "geometry": {
            "type": "Point",
            "coordinates": [13.33217420, 49.69736283]
        },
        "properties": {
            "OBJEKT": "Honitba - popis",
            "ID_HON": 6,
            "NAZEV": "Litice",
            "DRZITEL": "HS Plzeň-Litice",
            "UZIVATEL": "MS Litice",
            "VYMERA_HA": 1212,
            "text": "6 - Litice"
        }
    }, {
        "type": "Feature",
        "id": "mysliveckehonitby.10603328",
        "geometry": {
            "type": "Polygon",
            "coordinates": [
                [
                    [13.41632753, 49.69493383],
                    [13.41492933, 49.69416451],
                    [13.41340159, 49.69561994],
                    [13.41170467, 49.69688178],
                    [13.41210749, 49.69732586],
                    [13.41144451, 49.69782961],
                    [13.41181153, 49.69809318],
                    [13.41149013, 49.69830181],
                    [13.41187620, 49.69856726],
                    [13.41149940, 49.69884629],
                    [13.41163966, 49.69916346],
                    [13.41157391, 49.69961209],
                    [13.41161719, 49.69984388],
                    [13.41179440, 49.70042007],
                    [13.41375183, 49.70029622],
                    [13.41432853, 49.70183185],
                    [13.41409872, 49.70192591],
                    [13.41321924, 49.70199517],
                    [13.41316087, 49.70217005],
                    [13.41295136, 49.70232414],
                    [13.41240907, 49.70253753],
                    [13.41226748, 49.70344545],
                    [13.41193864, 49.70411899],
                    [13.41169086, 49.70424805],
                    [13.41087019, 49.70488017],
                    [13.41039410, 49.70566775],
                    [13.41014134, 49.70624971],
                    [13.41030123, 49.70702521],
                    [13.41034227, 49.70826808],
                    [13.41150762, 49.70895135],
                    [13.41073251, 49.70968430],
                    [13.41005319, 49.71017381],
                    [13.40958334, 49.70984956],
                    [13.40902752, 49.71047761],
                    [13.40865870, 49.71097234],
                    [13.40767861, 49.71174834],
                    [13.40632907, 49.71243749],
                    [13.40586193, 49.71259387],
                    [13.40469419, 49.71292162],
                    [13.40354087, 49.71318757],
                    [13.40290245, 49.71325126],
                    [13.40207586, 49.71311948],
                    [13.40120261, 49.71280510],
                    [13.40013377, 49.71142431],
                    [13.39859873, 49.70965534],
                    [13.39779190, 49.70927263],
                    [13.39694583, 49.70897455],
                    [13.39611645, 49.70885509],
                    [13.39498116, 49.70879405],
                    [13.39381068, 49.70871688],
                    [13.39296857, 49.70873519],
                    [13.39200627, 49.70918416],
                    [13.39284023, 49.70936730],
                    [13.39408233, 49.70938832],
                    [13.39393391, 49.70968976],
                    [13.39432693, 49.70984218],
                    [13.39350283, 49.71136664],
                    [13.39714773, 49.71202839],
                    [13.39693523, 49.71243731],
                    [13.39666729, 49.71291663],
                    [13.39807919, 49.71287843],
                    [13.39845719, 49.71294398],
                    [13.39898600, 49.71291699],
                    [13.39937164, 49.71260093],
                    [13.39937055, 49.71227214],
                    [13.39930887, 49.71178570],
                    [13.39981277, 49.71179730],
                    [13.40007848, 49.71206111],
                    [13.40089768, 49.71305815],
                    [13.40118568, 49.71332664],
                    [13.40141598, 49.71342511],
                    [13.40183215, 49.71347864],
                    [13.40216636, 49.71354940],
                    [13.40228238, 49.71363665],
                    [13.40234008, 49.71380666],
                    [13.40234814, 49.71402236],
                    [13.40227306, 49.71434366],
                    [13.40216854, 49.71462415],
                    [13.40209752, 49.71484471],
                    [13.40206287, 49.71499300],
                    [13.40213962, 49.71516488],
                    [13.40232546, 49.71553710],
                    [13.40238195, 49.71621265],
                    [13.40237091, 49.71684364],
                    [13.40210411, 49.71765176],
                    [13.40179296, 49.71869364],
                    [13.40086745, 49.71844046],
                    [13.40071327, 49.71876663],
                    [13.40050942, 49.71913848],
                    [13.40033680, 49.71921002],
                    [13.40089148, 49.71992187],
                    [13.39952360, 49.71995439],
                    [13.39804566, 49.72002406],
                    [13.39518742, 49.71999597],
                    [13.39287847, 49.72013559],
                    [13.39222892, 49.72041305],
                    [13.39198177, 49.72055309],
                    [13.39174436, 49.72098484],
                    [13.39028327, 49.72223177],
                    [13.39019024, 49.72246281],
                    [13.39012988, 49.72330387],
                    [13.38996183, 49.72343904],
                    [13.38957024, 49.72377980],
                    [13.38948862, 49.72437857],
                    [13.38970671, 49.72477927],
                    [13.39001428, 49.72521405],
                    [13.38958355, 49.72522226],
                    [13.38925099, 49.72522748],
                    [13.38887829, 49.72493346],
                    [13.38871614, 49.72469790],
                    [13.38825962, 49.72386016],
                    [13.38773469, 49.72323626],
                    [13.38747877, 49.72221997],
                    [13.38728704, 49.72107618],
                    [13.38766785, 49.72079231],
                    [13.38839519, 49.72055561],
                    [13.38846748, 49.72024668],
                    [13.38837580, 49.71997219],
                    [13.38801691, 49.71950706],
                    [13.38729369, 49.71918308],
                    [13.38555624, 49.71869611],
                    [13.38376965, 49.71841918],
                    [13.38193172, 49.71811188],
                    [13.38278508, 49.71554605],
                    [13.38315137, 49.71464720],
                    [13.38431783, 49.71299327],
                    [13.38593446, 49.71108041],
                    [13.38713988, 49.70975877],
                    [13.38787087, 49.70846626],
                    [13.38859264, 49.70704649],
                    [13.38429246, 49.70677495],
                    [13.38421763, 49.70626223],
                    [13.38215044, 49.70622688],
                    [13.38230700, 49.70762766],
                    [13.38101963, 49.70769747],
                    [13.38215510, 49.70894418],
                    [13.37921637, 49.70943847],
                    [13.37928301, 49.70969541],
                    [13.37418336, 49.70960280],
                    [13.36518036, 49.70978917],
                    [13.36508469, 49.70964155],
                    [13.36342702, 49.70835803],
                    [13.36435006, 49.70085415],
                    [13.36510461, 49.69829971],
                    [13.36599312, 49.69550572],
                    [13.36689484, 49.69331969],
                    [13.36718078, 49.69076960],
                    [13.36710605, 49.68909395],
                    [13.36720182, 49.68768787],
                    [13.36652303, 49.68559876],
                    [13.36681419, 49.68502082],
                    [13.36879912, 49.68444322],
                    [13.37817131, 49.68349649],
                    [13.38554204, 49.68273112],
                    [13.39502775, 49.68179426],
                    [13.40563241, 49.68098190],
                    [13.41037484, 49.68126339],
                    [13.41387663, 49.68169075],
                    [13.42067493, 49.68309116],
                    [13.42245364, 49.68364484],
                    [13.42359383, 49.68416522],
                    [13.42512478, 49.68494697],
                    [13.42653007, 49.68576688],
                    [13.42790797, 49.68703880],
                    [13.42879679, 49.68823748],
                    [13.42916556, 49.68953304],
                    [13.42920362, 49.68966676],
                    [13.42773117, 49.68956153],
                    [13.42617614, 49.68913091],
                    [13.42522767, 49.68918957],
                    [13.42472878, 49.68965891],
                    [13.42450556, 49.68986454],
                    [13.42386811, 49.69009275],
                    [13.42327512, 49.69046437],
                    [13.42298101, 49.69089059],
                    [13.42275151, 49.69137372],
                    [13.42254571, 49.69192236],
                    [13.42227926, 49.69231338],
                    [13.42192751, 49.69298676],
                    [13.42176603, 49.69326166],
                    [13.42158663, 49.69344631],
                    [13.42128435, 49.69365683],
                    [13.41871089, 49.69341693],
                    [13.41971904, 49.69402151],
                    [13.41915881, 49.69440269],
                    [13.41803938, 49.69419169],
                    [13.41761942, 49.69465611],
                    [13.41746830, 49.69496995],
                    [13.41700788, 49.69519023],
                    [13.41632753, 49.69493383]
                ]
            ]
        },
        "properties": {
            "OBJEKT": "Honitba - areál",
            "ID_HON": 7,
            "NAZEV": "Radobyčice",
            "DRZITEL": "HS Plzeň-Litice",
            "UZIVATEL": "MS Radobyčice",
            "VYMERA_HA": 990
        }
    }, {
        "type": "Feature",
        "id": "mysliveckehonitby.10603345",
        "geometry": {
            "type": "Point",
            "coordinates": [13.39321341, 49.69801474]
        },
        "properties": {
            "OBJEKT": "Honitba - popis",
            "ID_HON": 7,
            "NAZEV": "Radobyčice",
            "DRZITEL": "HS Plzeň-Litice",
            "UZIVATEL": "MS Radobyčice",
            "VYMERA_HA": 990,
            "text": "9 - Radobyčice"
        }
    }, {
        "type": "Feature",
        "id": "mysliveckehonitby.10603351",
        "geometry": {
            "type": "Point",
            "coordinates": [13.51961999, 49.62378122]
        },
        "properties": {
            "OBJEKT": "Honitba - popis",
            "ID_HON": 17,
            "NAZEV": "Obora Žákava",
            "DRZITEL": "Alimex Nezvěstice",
            "UZIVATEL": "Alimex Nezvěstice",
            "VYMERA_HA": 42,
            "text": "17 - Obora Žákava"
        }
    }, {
        "type": "Feature",
        "id": "mysliveckehonitby.10603319",
        "geometry": {
            "type": "Polygon",
            "coordinates": [
                [
                    [13.52715493, 49.67053628],
                    [13.52759245, 49.67078069],
                    [13.52718898, 49.67134811],
                    [13.52911578, 49.67269815],
                    [13.53058432, 49.67206994],
                    [13.53227771, 49.67232298],
                    [13.53286864, 49.67178641],
                    [13.53458324, 49.67000672],
                    [13.53411083, 49.66977658],
                    [13.53587001, 49.66839377],
                    [13.53444780, 49.66772505],
                    [13.53377584, 49.66768502],
                    [13.53282967, 49.66731517],
                    [13.53230879, 49.66662032],
                    [13.53128181, 49.66643208],
                    [13.53086672, 49.66603804],
                    [13.53029834, 49.66546488],
                    [13.53041816, 49.66519862],
                    [13.53032566, 49.66467171],
                    [13.52999142, 49.66409604],
                    [13.52945828, 49.66353894],
                    [13.52936404, 49.66344135],
                    [13.52952008, 49.66335546],
                    [13.53053742, 49.66341647],
                    [13.53201391, 49.66355285],
                    [13.53302448, 49.66372688],
                    [13.53461557, 49.66408368],
                    [13.53595733, 49.66434042],
                    [13.53892262, 49.66498229],
                    [13.54079347, 49.66551028],
                    [13.54768840, 49.67156258],
                    [13.55398602, 49.67328547],
                    [13.55972438, 49.67490323],
                    [13.56093529, 49.67522276],
                    [13.56138823, 49.67511503],
                    [13.56703615, 49.68079995],
                    [13.56881604, 49.68253911],
                    [13.57147934, 49.68416159],
                    [13.57124572, 49.68466966],
                    [13.57085977, 49.68516299],
                    [13.57181345, 49.68846469],
                    [13.57199052, 49.68919419],
                    [13.57214651, 49.68945834],
                    [13.57266728, 49.69000022],
                    [13.57241918, 49.69010872],
                    [13.57178396, 49.69012739],
                    [13.57116707, 49.69015069],
                    [13.56989043, 49.69023606],
                    [13.56910440, 49.69027732],
                    [13.56828713, 49.69036994],
                    [13.56742601, 49.69048873],
                    [13.56632866, 49.69073018],
                    [13.56567138, 49.69092479],
                    [13.56508725, 49.69108765],
                    [13.56417840, 49.69130761],
                    [13.56391410, 49.69138941],
                    [13.56332739, 49.69149603],
                    [13.56243094, 49.69167536],
                    [13.56176911, 49.69183307],
                    [13.56125304, 49.69202823],
                    [13.56027760, 49.69281054],
                    [13.56006992, 49.69323612],
                    [13.56023690, 49.69422278],
                    [13.56048185, 49.69481772],
                    [13.56059194, 49.69536668],
                    [13.56065623, 49.69595026],
                    [13.56096039, 49.69646768],
                    [13.56102812, 49.69681331],
                    [13.56144699, 49.69780101],
                    [13.56170423, 49.69900504],
                    [13.56181120, 49.69962076],
                    [13.56129122, 49.69960203],
                    [13.56117472, 49.69953611],
                    [13.56086574, 49.69942709],
                    [13.56061840, 49.69937869],
                    [13.56004090, 49.69934173],
                    [13.55970509, 49.69936511],
                    [13.55938976, 49.69932440],
                    [13.55894351, 49.69916595],
                    [13.55848919, 49.69896774],
                    [13.55790409, 49.69866368],
                    [13.55755528, 49.69848880],
                    [13.55693353, 49.69812760],
                    [13.55622342, 49.69778277],
                    [13.55558195, 49.69748283],
                    [13.55484596, 49.69712743],
                    [13.55405666, 49.69675288],
                    [13.55341996, 49.69644729],
                    [13.55287940, 49.69628952],
                    [13.55231380, 49.69607370],
                    [13.55199513, 49.69594749],
                    [13.55149417, 49.69578338],
                    [13.55101652, 49.69562443],
                    [13.55017249, 49.69529130],
                    [13.54942036, 49.69498441],
                    [13.54879906, 49.69473093],
                    [13.54814489, 49.69448482],
                    [13.54761336, 49.69430151],
                    [13.54668242, 49.69402256],
                    [13.54587269, 49.69368049],
                    [13.54507539, 49.69337257],
                    [13.54391634, 49.69296940],
                    [13.54296682, 49.69270848],
                    [13.54119617, 49.69242476],
                    [13.54061425, 49.69246038],
                    [13.54025413, 49.69253986],
                    [13.53959706, 49.69269040],
                    [13.53918900, 49.69282492],
                    [13.53790134, 49.69316873],
                    [13.53718611, 49.69333504],
                    [13.53665038, 49.69345180],
                    [13.53592524, 49.69359531],
                    [13.53529029, 49.69367889],
                    [13.53508651, 49.69367776],
                    [13.53479199, 49.69364294],
                    [13.53450169, 49.69358985],
                    [13.53403605, 49.69348861],
                    [13.53371102, 49.69340311],
                    [13.53315058, 49.69325531],
                    [13.53269074, 49.69318990],
                    [13.53210606, 49.69314513],
                    [13.53191212, 49.69312966],
                    [13.53112988, 49.69305874],
                    [13.53055226, 49.69299419],
                    [13.53034942, 49.69296773],
                    [13.52814299, 49.69327239],
                    [13.52684033, 49.69346493],
                    [13.52647501, 49.69345040],
                    [13.52589207, 49.69314461],
                    [13.52514224, 49.69284282],
                    [13.52491342, 49.69266572],
                    [13.52427722, 49.69232109],
                    [13.52334580, 49.69217668],
                    [13.52156006, 49.69119510],
                    [13.52150098, 49.69050790],
                    [13.52148474, 49.69026393],
                    [13.52171755, 49.68992972],
                    [13.52184638, 49.68968639],
                    [13.52179062, 49.68954157],
                    [13.52160950, 49.68924790],
                    [13.52129445, 49.68872575],
                    [13.52091400, 49.68835210],
                    [13.51159064, 49.68147466],
                    [13.51155516, 49.68126922],
                    [13.51174996, 49.68096498],
                    [13.51201372, 49.68072133],
                    [13.51260309, 49.68041510],
                    [13.51356272, 49.67994292],
                    [13.51435089, 49.67949444],
                    [13.51605532, 49.67885084],
                    [13.51649452, 49.67874545],
                    [13.51724512, 49.67854916],
                    [13.51766478, 49.67850562],
                    [13.51794679, 49.67845229],
                    [13.51832265, 49.67844173],
                    [13.51845958, 49.67838776],
                    [13.51833987, 49.67832226],
                    [13.51795337, 49.67824427],
                    [13.51745527, 49.67815543],
                    [13.51717019, 49.67795269],
                    [13.51718895, 49.67782662],
                    [13.51719602, 49.67757155],
                    [13.51758704, 49.67709132],
                    [13.51809317, 49.67642709],
                    [13.51855160, 49.67587939],
                    [13.51850228, 49.67564393],
                    [13.51856111, 49.67543417],
                    [13.51868234, 49.67522374],
                    [13.51891005, 49.67495633],
                    [13.51905105, 49.67479495],
                    [13.51801538, 49.67451910],
                    [13.51751936, 49.67437657],
                    [13.51772729, 49.67419477],
                    [13.51801234, 49.67399354],
                    [13.51837599, 49.67376629],
                    [13.51905459, 49.67352255],
                    [13.51958306, 49.67334500],
                    [13.52002226, 49.67310490],
                    [13.52059636, 49.67272977],
                    [13.52072229, 49.67263358],
                    [13.52092616, 49.67255914],
                    [13.52164787, 49.67248792],
                    [13.52257648, 49.67246377],
                    [13.52283360, 49.67242817],
                    [13.52323627, 49.67221143],
                    [13.52409639, 49.67194491],
                    [13.52457301, 49.67184110],
                    [13.52489232, 49.67181132],
                    [13.52530988, 49.67171675],
                    [13.52566735, 49.67152171],
                    [13.52631094, 49.67112469],
                    [13.52677582, 49.67082519],
                    [13.52715493, 49.67053628]
                ]
            ]
        },
        "properties": {
            "OBJEKT": "Honitba - areál",
            "ID_HON": 16,
            "NAZEV": "Šťáhlavy-Kozel",
            "DRZITEL": "LČR",
            "UZIVATEL": "Čestmír Motejzík",
            "VYMERA_HA": 879
        }
    }, {
        "type": "Feature",
        "id": "mysliveckehonitby.10603320",
        "geometry": {
            "type": "Polygon",
            "coordinates": [
                [
                    [13.49801036, 49.65759019],
                    [13.49722347, 49.65946106],
                    [13.49667101, 49.66067855],
                    [13.49626652, 49.66116657],
                    [13.49580136, 49.66158368],
                    [13.49492206, 49.66259345],
                    [13.49439014, 49.66327194],
                    [13.49259661, 49.66553152],
                    [13.49216449, 49.66613858],
                    [13.49210537, 49.66621396],
                    [13.49187521, 49.66621856],
                    [13.49149022, 49.66626215],
                    [13.49138532, 49.66626545],
                    [13.49082697, 49.66669789],
                    [13.49033171, 49.66721763],
                    [13.48962755, 49.66791987],
                    [13.48876976, 49.66865577],
                    [13.48859546, 49.66886870],
                    [13.48841612, 49.66901350],
                    [13.48590877, 49.66952230],
                    [13.48505683, 49.67014223],
                    [13.48440123, 49.67117342],
                    [13.48283754, 49.67122360],
                    [13.48239299, 49.67263798],
                    [13.48214880, 49.67360164],
                    [13.48216799, 49.67383349],
                    [13.48073026, 49.67419365],
                    [13.48123922, 49.67541346],
                    [13.48125736, 49.67546999],
                    [13.48054318, 49.67549496],
                    [13.47922283, 49.67552838],
                    [13.47826667, 49.67556352],
                    [13.47708346, 49.67545474],
                    [13.47724649, 49.67540190],
                    [13.47743163, 49.67528684],
                    [13.47748231, 49.67518890],
                    [13.47757867, 49.67497439],
                    [13.47773480, 49.67466282],
                    [13.47788045, 49.67435629],
                    [13.47765485, 49.67380168],
                    [13.47764931, 49.67334723],
                    [13.47775801, 49.67307945],
                    [13.47756709, 49.67301845],
                    [13.47697289, 49.67288779],
                    [13.47633614, 49.67294059],
                    [13.47610680, 49.67304528],
                    [13.47583787, 49.67307953],
                    [13.47567617, 49.67297296],
                    [13.47567588, 49.67277321],
                    [13.47545000, 49.67258169],
                    [13.47503623, 49.67251706],
                    [13.47341370, 49.67180484],
                    [13.47289628, 49.67146379],
                    [13.47243345, 49.67124911],
                    [13.47204353, 49.67104155],
                    [13.47136970, 49.67081230],
                    [13.47071536, 49.67069994],
                    [13.47043695, 49.67065457],
                    [13.47004753, 49.67040470],
                    [13.46962492, 49.67009710],
                    [13.46908870, 49.66991759],
                    [13.46873739, 49.66986509],
                    [13.46825748, 49.66988476],
                    [13.46797720, 49.66988762],
                    [13.46790391, 49.66980178],
                    [13.46769868, 49.66952148],
                    [13.46761765, 49.66942882],
                    [13.46745748, 49.66919529],
                    [13.46738295, 49.66899433],
                    [13.46740417, 49.66874221],
                    [13.46756879, 49.66821369],
                    [13.46783509, 49.66718665],
                    [13.46774433, 49.66681464],
                    [13.46759241, 49.66610379],
                    [13.46734064, 49.66502005],
                    [13.46692707, 49.66395082],
                    [13.46660167, 49.66314433],
                    [13.46650581, 49.66287471],
                    [13.46644165, 49.66278976],
                    [13.46482585, 49.66320672],
                    [13.46399289, 49.66348300],
                    [13.46311956, 49.66371231],
                    [13.46185837, 49.66400655],
                    [13.46147963, 49.66407239],
                    [13.46131835, 49.66404451],
                    [13.46109082, 49.66378016],
                    [13.46073992, 49.66326050],
                    [13.46070116, 49.66290568],
                    [13.46050857, 49.66277185],
                    [13.45964117, 49.66261436],
                    [13.45915512, 49.66250023],
                    [13.45883547, 49.66231159],
                    [13.45883505, 49.66191210],
                    [13.45875354, 49.66186175],
                    [13.45862424, 49.66177648],
                    [13.45858057, 49.66172379],
                    [13.45859294, 49.66167052],
                    [13.45864313, 49.66161491],
                    [13.45876295, 49.66162059],
                    [13.45883774, 49.66157949],
                    [13.45920382, 49.66104639],
                    [13.45974932, 49.66022219],
                    [13.46007897, 49.65972552],
                    [13.45993333, 49.65959023],
                    [13.45953134, 49.65931485],
                    [13.45854512, 49.65874628],
                    [13.45801697, 49.65845250],
                    [13.45725410, 49.65784524],
                    [13.45673450, 49.65727389],
                    [13.45651681, 49.65684708],
                    [13.45632373, 49.65641064],
                    [13.45581180, 49.65520454],
                    [13.45519660, 49.65392175],
                    [13.45445286, 49.65213355],
                    [13.45411954, 49.65124191],
                    [13.45370015, 49.65035998],
                    [13.45342694, 49.64989163],
                    [13.45298854, 49.64929216],
                    [13.45339536, 49.64926545],
                    [13.45411964, 49.64927588],
                    [13.45456704, 49.64933427],
                    [13.45532390, 49.64944468],
                    [13.45597102, 49.64960250],
                    [13.45578092, 49.64937814],
                    [13.45480053, 49.64814449],
                    [13.45434717, 49.64793066],
                    [13.45374189, 49.64756882],
                    [13.45340263, 49.64718462],
                    [13.45333834, 49.64689995],
                    [13.45338506, 49.64669878],
                    [13.45319671, 49.64654720],
                    [13.45274370, 49.64609134],
                    [13.45233160, 49.64569999],
                    [13.45178581, 49.64516243],
                    [13.45510333, 49.64364767],
                    [13.45361971, 49.64231157],
                    [13.45037484, 49.63944001],
                    [13.44946901, 49.63852827],
                    [13.45075559, 49.63776573],
                    [13.45046079, 49.63759163],
                    [13.45004782, 49.63728494],
                    [13.45062912, 49.63702727],
                    [13.45150449, 49.63614494],
                    [13.45263270, 49.63545678],
                    [13.45412299, 49.63497350],
                    [13.45491381, 49.63461531],
                    [13.45526275, 49.63375401],
                    [13.45589344, 49.63328332],
                    [13.45732179, 49.63274554],
                    [13.45799291, 49.63193998],
                    [13.45829033, 49.63146086],
                    [13.45835825, 49.63100767],
                    [13.45873517, 49.62982488],
                    [13.46027262, 49.62777303],
                    [13.46075205, 49.62731173],
                    [13.46099796, 49.62721479],
                    [13.46223276, 49.62694844],
                    [13.46299219, 49.62680496],
                    [13.46325183, 49.62664886],
                    [13.46350222, 49.62661287],
                    [13.46380898, 49.62665499],
                    [13.46407309, 49.62655983],
                    [13.46422624, 49.62638120],
                    [13.46439960, 49.62603515],
                    [13.46435970, 49.62588603],
                    [13.46409138, 49.62567826],
                    [13.46379936, 49.62549237],
                    [13.46364200, 49.62536806],
                    [13.46363029, 49.62525800],
                    [13.46372507, 49.62517048],
                    [13.46422219, 49.62476906],
                    [13.46497663, 49.62416525],
                    [13.46588765, 49.62352836],
                    [13.46535175, 49.62327020],
                    [13.46494503, 49.62309729],
                    [13.46528868, 49.62265899],
                    [13.46596577, 49.62198710],
                    [13.46698896, 49.62110707],
                    [13.46735329, 49.62090070],
                    [13.46826870, 49.62032474],
                    [13.46919508, 49.61970143],
                    [13.46926789, 49.61970855],
                    [13.46937962, 49.61994940],
                    [13.46951677, 49.62024113],
                    [13.47000977, 49.62060399],
                    [13.47031001, 49.62075437],
                    [13.47255220, 49.61959422],
                    [13.47362718, 49.61961465],
                    [13.47734109, 49.62061914],
                    [13.47846230, 49.62092236],
                    [13.47868800, 49.62099282],
                    [13.47896301, 49.62085030],
                    [13.47936961, 49.62065418],
                    [13.48284077, 49.62150164],
                    [13.48346361, 49.62122368],
                    [13.48439672, 49.62113335],
                    [13.48598888, 49.62101059],
                    [13.48707680, 49.62081435],
                    [13.48768139, 49.62053460],
                    [13.48785810, 49.62033406],
                    [13.48894206, 49.61910889],
                    [13.48930998, 49.61880602],
                    [13.48954581, 49.61867174],
                    [13.49025384, 49.61891030],
                    [13.49144230, 49.61948615],
                    [13.49181446, 49.61972819],
                    [13.49290469, 49.62056793],
                    [13.49137541, 49.62226995],
                    [13.49135255, 49.62244922],
                    [13.49165561, 49.62258771],
                    [13.49171926, 49.62271493],
                    [13.49170736, 49.62284686],
                    [13.49150874, 49.62314208],
                    [13.49160334, 49.62329651],
                    [13.49178075, 49.62349534],
                    [13.49109195, 49.62454131],
                    [13.49134587, 49.62465080],
                    [13.49187099, 49.62495618],
                    [13.49218214, 49.62530115],
                    [13.49256612, 49.62565325],
                    [13.49284089, 49.62599467],
                    [13.49328205, 49.62642982],
                    [13.49434423, 49.62690859],
                    [13.49607998, 49.62769510],
                    [13.49732062, 49.62828806],
                    [13.49771382, 49.62852003],
                    [13.49792768, 49.62872239],
                    [13.49775824, 49.62897206],
                    [13.49718991, 49.62949741],
                    [13.49634453, 49.63057653],
                    [13.49717965, 49.63171560],
                    [13.49751826, 49.63194223],
                    [13.49769666, 49.63205645],
                    [13.49758100, 49.63215406],
                    [13.49739975, 49.63229368],
                    [13.49751711, 49.63251082],
                    [13.49790214, 49.63277829],
                    [13.49819527, 49.63287949],
                    [13.49827170, 49.63303215],
                    [13.49813592, 49.63329720],
                    [13.49714756, 49.63435028],
                    [13.49674379, 49.63529099],
                    [13.49663051, 49.63610274],
                    [13.49640177, 49.63652813],
                    [13.49590355, 49.63683042],
                    [13.49531959, 49.63710084],
                    [13.49606795, 49.63748831],
                    [13.49748919, 49.63802607],
                    [13.49873476, 49.63843783],
                    [13.49911080, 49.63858335],
                    [13.49842588, 49.63904868],
                    [13.49750320, 49.63981735],
                    [13.49681912, 49.64043999],
                    [13.49644283, 49.64102007],
                    [13.49592716, 49.64171960],
                    [13.49539968, 49.64230913],
                    [13.49500430, 49.64273013],
                    [13.49538310, 49.64286384],
                    [13.49591760, 49.64304901],
                    [13.49612794, 49.64310582],
                    [13.49636093, 49.64317046],
                    [13.49701018, 49.64310071],
                    [13.49727060, 49.64310192],
                    [13.49812461, 49.64335459],
                    [13.49873915, 49.64359601],
                    [13.49943012, 49.64399005],
                    [13.49957825, 49.64471828],
                    [13.49956722, 49.64500757],
                    [13.49925641, 49.64578783],
                    [13.49877346, 49.64658760],
                    [13.49845546, 49.64707682],
                    [13.49828220, 49.64766483],
                    [13.49819503, 49.64812217],
                    [13.49797080, 49.64860842],
                    [13.49794502, 49.64928342],
                    [13.49768078, 49.64962059],
                    [13.49717798, 49.64986191],
                    [13.49669887, 49.65008134],
                    [13.49650115, 49.65029193],
                    [13.49657569, 49.65061375],
                    [13.49716567, 49.65096165],
                    [13.49747709, 49.65106462],
                    [13.49959335, 49.65165812],
                    [13.50074329, 49.65200085],
                    [13.50132062, 49.65232317],
                    [13.50179686, 49.65259934],
                    [13.50109739, 49.65272462],
                    [13.50076220, 49.65288542],
                    [13.50062916, 49.65313848],
                    [13.50017829, 49.65339683],
                    [13.49956714, 49.65354281],
                    [13.49862258, 49.65392230],
                    [13.49767254, 49.65432544],
                    [13.49691472, 49.65454175],
                    [13.49612782, 49.65456174],
                    [13.49573435, 49.65457174],
                    [13.49520972, 49.65466567],
                    [13.49520878, 49.65475023],
                    [13.49522050, 49.65510205],
                    [13.49512104, 49.65561232],
                    [13.49515917, 49.65593044],
                    [13.49516456, 49.65614863],
                    [13.49562824, 49.65591572],
                    [13.49601716, 49.65584483],
                    [13.49644527, 49.65576566],
                    [13.49642338, 49.65586026],
                    [13.49627194, 49.65659521],
                    [13.49758525, 49.65679585],
                    [13.49801036, 49.65759019]
                ]
            ]
        },
        "properties": {
            "OBJEKT": "Honitba - areál",
            "ID_HON": 4,
            "NAZEV": "Chválenice",
            "DRZITEL": "HS Chválenice",
            "UZIVATEL": "MS Skála Chválenice",
            "VYMERA_HA": 1358
        }
    }, {
        "type": "Feature",
        "id": "mysliveckehonitby.10603348",
        "geometry": {
            "type": "Point",
            "coordinates": [13.54252995, 49.68107668]
        },
        "properties": {
            "OBJEKT": "Honitba - popis",
            "ID_HON": 16,
            "NAZEV": "Šťáhlavy-Kozel",
            "DRZITEL": "LČR",
            "UZIVATEL": "Čestmír Motejzík",
            "VYMERA_HA": 879,
            "text": "16 - Šťáhlavy-Kozel"
        }
    }, {
        "type": "Feature",
        "id": "mysliveckehonitby.10603318",
        "geometry": {
            "type": "Polygon",
            "coordinates": [
                [
                    [13.52715493, 49.67053628],
                    [13.52677582, 49.67082519],
                    [13.52631094, 49.67112469],
                    [13.52566735, 49.67152171],
                    [13.52530988, 49.67171675],
                    [13.52489232, 49.67181132],
                    [13.52457301, 49.67184110],
                    [13.52409639, 49.67194491],
                    [13.52323627, 49.67221143],
                    [13.52283360, 49.67242817],
                    [13.52257648, 49.67246377],
                    [13.52164787, 49.67248792],
                    [13.52092616, 49.67255914],
                    [13.52072229, 49.67263358],
                    [13.52059636, 49.67272977],
                    [13.52002226, 49.67310490],
                    [13.51958306, 49.67334500],
                    [13.51905459, 49.67352255],
                    [13.51837599, 49.67376629],
                    [13.51801234, 49.67399354],
                    [13.51772729, 49.67419477],
                    [13.51751936, 49.67437657],
                    [13.51801538, 49.67451910],
                    [13.51905105, 49.67479495],
                    [13.51891005, 49.67495633],
                    [13.51868234, 49.67522374],
                    [13.51856111, 49.67543417],
                    [13.51850228, 49.67564393],
                    [13.51855160, 49.67587939],
                    [13.51809317, 49.67642709],
                    [13.51758704, 49.67709132],
                    [13.51719602, 49.67757155],
                    [13.51718895, 49.67782662],
                    [13.51717019, 49.67795269],
                    [13.51745527, 49.67815543],
                    [13.51795337, 49.67824427],
                    [13.51833987, 49.67832226],
                    [13.51845958, 49.67838776],
                    [13.51832265, 49.67844173],
                    [13.51794679, 49.67845229],
                    [13.51766478, 49.67850562],
                    [13.51724512, 49.67854916],
                    [13.51649452, 49.67874545],
                    [13.51605532, 49.67885084],
                    [13.51435089, 49.67949444],
                    [13.51356272, 49.67994292],
                    [13.51260309, 49.68041510],
                    [13.51201372, 49.68072133],
                    [13.51174996, 49.68096498],
                    [13.51155516, 49.68126922],
                    [13.51159064, 49.68147466],
                    [13.52091400, 49.68835210],
                    [13.52129445, 49.68872575],
                    [13.52160950, 49.68924790],
                    [13.52179062, 49.68954157],
                    [13.52184638, 49.68968639],
                    [13.52171755, 49.68992972],
                    [13.52148474, 49.69026393],
                    [13.52150098, 49.69050790],
                    [13.52156006, 49.69119510],
                    [13.52334580, 49.69217668],
                    [13.52427722, 49.69232109],
                    [13.52491342, 49.69266572],
                    [13.52514224, 49.69284282],
                    [13.52589207, 49.69314461],
                    [13.52647501, 49.69345040],
                    [13.52465173, 49.69325972],
                    [13.51912002, 49.69277575],
                    [13.51252466, 49.69218127],
                    [13.51083032, 49.69201638],
                    [13.51054469, 49.69212998],
                    [13.50999932, 49.69237990],
                    [13.50958533, 49.69255506],
                    [13.50943920, 49.69259470],
                    [13.50885836, 49.69250450],
                    [13.50798327, 49.69252030],
                    [13.50681139, 49.69260822],
                    [13.50284016, 49.69286790],
                    [13.50180948, 49.69239044],
                    [13.50128854, 49.69226563],
                    [13.50088681, 49.69211876],
                    [13.50069967, 49.69198607],
                    [13.49867101, 49.69029430],
                    [13.49912265, 49.68986696],
                    [13.49938401, 49.68958943],
                    [13.49950480, 49.68942613],
                    [13.49943127, 49.68938530],
                    [13.49956983, 49.68919007],
                    [13.49981294, 49.68885688],
                    [13.50011791, 49.68857012],
                    [13.50032695, 49.68842889],
                    [13.50051365, 49.68833935],
                    [13.50061815, 49.68833606],
                    [13.50073226, 49.68838085],
                    [13.50084690, 49.68837855],
                    [13.50101889, 49.68830777],
                    [13.50119797, 49.68825115],
                    [13.50150083, 49.68815272],
                    [13.50174949, 49.68801959],
                    [13.50243637, 49.68769616],
                    [13.50324090, 49.68749187],
                    [13.50372534, 49.68737080],
                    [13.50361428, 49.68717828],
                    [13.50336222, 49.68701240],
                    [13.50305438, 49.68677378],
                    [13.50289971, 49.68659047],
                    [13.50269688, 49.68630151],
                    [13.50239158, 49.68609679],
                    [13.50218871, 49.68594243],
                    [13.50167898, 49.68585912],
                    [13.50142789, 49.68586831],
                    [13.50099067, 49.68591993],
                    [13.50080301, 49.68583435],
                    [13.50078019, 49.68579848],
                    [13.50125661, 49.68521900],
                    [13.50090762, 49.68529268],
                    [13.49991393, 49.68555255],
                    [13.49908812, 49.68571437],
                    [13.49849415, 49.68577090],
                    [13.49793465, 49.68585771],
                    [13.49760011, 49.68593615],
                    [13.49708168, 49.68611444],
                    [13.49648616, 49.68617755],
                    [13.49586228, 49.68618403],
                    [13.49530840, 49.68615697],
                    [13.49455667, 49.68617791],
                    [13.49362541, 49.68616789],
                    [13.49299131, 49.68630797],
                    [13.49252890, 49.68588600],
                    [13.49220429, 49.68585435],
                    [13.49161395, 49.68571602],
                    [13.49112305, 49.68550663],
                    [13.49068998, 49.68531633],
                    [13.49023357, 49.68513723],
                    [13.49062115, 49.68498657],
                    [13.49100872, 49.68483593],
                    [13.49131210, 49.68469053],
                    [13.49178494, 49.68444051],
                    [13.49239273, 49.68405559],
                    [13.49110201, 49.68362709],
                    [13.49058154, 49.68357971],
                    [13.49034103, 49.68358331],
                    [13.49008932, 49.68354524],
                    [13.48984862, 49.68343720],
                    [13.48959801, 49.68330452],
                    [13.48949580, 49.68338588],
                    [13.48930380, 49.68357144],
                    [13.48884697, 49.68401394],
                    [13.48872433, 49.68416095],
                    [13.48856895, 49.68411197],
                    [13.48836644, 49.68404148],
                    [13.48790693, 49.68388842],
                    [13.48745068, 49.68371674],
                    [13.48696930, 49.68350066],
                    [13.48611422, 49.68321092],
                    [13.48527109, 49.68295954],
                    [13.48474278, 49.68283358],
                    [13.48433319, 49.68271243],
                    [13.48391982, 49.68254019],
                    [13.48372681, 49.68240635],
                    [13.48355701, 49.68221728],
                    [13.48340984, 49.68208792],
                    [13.48313756, 49.68200385],
                    [13.48296844, 49.68194676],
                    [13.48290305, 49.68187821],
                    [13.48297297, 49.68168895],
                    [13.48307026, 49.68133671],
                    [13.48318530, 49.68096424],
                    [13.48335232, 49.68037857],
                    [13.48331725, 49.68026017],
                    [13.48322457, 49.68021054],
                    [13.48289296, 49.68015789],
                    [13.48247427, 49.68007645],
                    [13.48219152, 49.68008266],
                    [13.48154147, 49.68010037],
                    [13.48117010, 49.68008442],
                    [13.48085735, 49.68004036],
                    [13.48069894, 49.68000461],
                    [13.48057613, 49.68003997],
                    [13.47988127, 49.68002624],
                    [13.47957257, 49.68000963],
                    [13.47931075, 49.67997055],
                    [13.47926386, 49.67999302],
                    [13.47911411, 49.68040049],
                    [13.47879116, 49.68035543],
                    [13.47784883, 49.68019579],
                    [13.47714948, 49.68006662],
                    [13.47637367, 49.67999763],
                    [13.47614549, 49.67994829],
                    [13.47600340, 49.67988706],
                    [13.47593988, 49.67971176],
                    [13.47587502, 49.67913798],
                    [13.47577963, 49.67869577],
                    [13.47554524, 49.67817912],
                    [13.47554591, 49.67799657],
                    [13.47580272, 49.67733850],
                    [13.47622222, 49.67647313],
                    [13.47658056, 49.67560178],
                    [13.47668715, 49.67545662],
                    [13.47708346, 49.67545474],
                    [13.47826667, 49.67556352],
                    [13.47922283, 49.67552838],
                    [13.48054318, 49.67549496],
                    [13.48125736, 49.67546999],
                    [13.48123922, 49.67541346],
                    [13.48073026, 49.67419365],
                    [13.48216799, 49.67383349],
                    [13.48214880, 49.67360164],
                    [13.48239299, 49.67263798],
                    [13.48283754, 49.67122360],
                    [13.48440123, 49.67117342],
                    [13.48505683, 49.67014223],
                    [13.48590877, 49.66952230],
                    [13.48841612, 49.66901350],
                    [13.48859546, 49.66886870],
                    [13.48876976, 49.66865577],
                    [13.48962755, 49.66791987],
                    [13.49033171, 49.66721763],
                    [13.49082697, 49.66669789],
                    [13.49138532, 49.66626545],
                    [13.49149022, 49.66626215],
                    [13.49187521, 49.66621856],
                    [13.49210537, 49.66621396],
                    [13.49216449, 49.66613858],
                    [13.49259661, 49.66553152],
                    [13.49439014, 49.66327194],
                    [13.49492206, 49.66259345],
                    [13.49580136, 49.66158368],
                    [13.49626652, 49.66116657],
                    [13.49667101, 49.66067855],
                    [13.49722347, 49.65946106],
                    [13.49801036, 49.65759019],
                    [13.50001218, 49.65775832],
                    [13.50294562, 49.65822009],
                    [13.50788627, 49.65951167],
                    [13.50841958, 49.65947033],
                    [13.50928461, 49.65946668],
                    [13.50976372, 49.65946601],
                    [13.50991747, 49.65952157],
                    [13.51008344, 49.65965945],
                    [13.51035881, 49.66004467],
                    [13.51087546, 49.66100790],
                    [13.51185544, 49.66221912],
                    [13.51339245, 49.66420138],
                    [13.51384862, 49.66484088],
                    [13.51408741, 49.66511433],
                    [13.51423406, 49.66515566],
                    [13.51437154, 49.66523666],
                    [13.51445402, 49.66542051],
                    [13.51445910, 49.66562387],
                    [13.51434246, 49.66576805],
                    [13.51417645, 49.66590066],
                    [13.51408173, 49.66604021],
                    [13.51390298, 49.66613777],
                    [13.51477932, 49.66658148],
                    [13.51799758, 49.66811190],
                    [13.52063022, 49.66952304],
                    [13.52101266, 49.66931005],
                    [13.52130089, 49.66918932],
                    [13.52185391, 49.66895911],
                    [13.52238045, 49.66875336],
                    [13.52296250, 49.66853272],
                    [13.52334033, 49.66833956],
                    [13.52346764, 49.66841957],
                    [13.52419796, 49.66890985],
                    [13.52659468, 49.67021133],
                    [13.52715493, 49.67053628]
                ]
            ]
        },
        "properties": {
            "OBJEKT": "Honitba - areál",
            "ID_HON": 5,
            "NAZEV": "Šťáhlavy",
            "DRZITEL": "HS CHválenice",
            "UZIVATEL": "MS Kozel Šťáhlavy",
            "VYMERA_HA": 567
        }
    }, {
        "type": "Feature",
        "id": "mysliveckehonitby.10603350",
        "geometry": {
            "type": "Point",
            "coordinates": [13.47658504, 49.64217172]
        },
        "properties": {
            "OBJEKT": "Honitba - popis",
            "ID_HON": 4,
            "NAZEV": "Chválenice",
            "DRZITEL": "HS Chválenice",
            "UZIVATEL": "MS Skála Chválenice",
            "VYMERA_HA": 1358,
            "text": "4 - Chválenice"
        }
    }, {
        "type": "Feature",
        "id": "mysliveckehonitby.10603349",
        "geometry": {
            "type": "Point",
            "coordinates": [13.50162564, 49.67352060]
        },
        "properties": {
            "OBJEKT": "Honitba - popis",
            "ID_HON": 5,
            "NAZEV": "Šťáhlavy",
            "DRZITEL": "HS CHválenice",
            "UZIVATEL": "MS Kozel Šťáhlavy",
            "VYMERA_HA": 567,
            "text": "5 - Šťáhlavy"
        }
    }, {
        "type": "Feature",
        "id": "mysliveckehonitby.10603321",
        "geometry": {
            "type": "Polygon",
            "coordinates": [
                [
                    [13.54061425, 49.69246038],
                    [13.54051960, 49.69262598],
                    [13.54033213, 49.69289702],
                    [13.54019891, 49.69335960],
                    [13.54005739, 49.69390229],
                    [13.53992760, 49.69432327],
                    [13.53976170, 49.69477688],
                    [13.53934890, 49.69559293],
                    [13.53926816, 49.69572913],
                    [13.53930604, 49.69589069],
                    [13.53967063, 49.69624463],
                    [13.53977257, 49.69637916],
                    [13.53984170, 49.69672736],
                    [13.53979010, 49.69726107],
                    [13.53961933, 49.69755248],
                    [13.53926901, 49.69786096],
                    [13.53854317, 49.69852860],
                    [13.53810325, 49.69903017],
                    [13.53791724, 49.69921408],
                    [13.53736376, 49.69988181],
                    [13.53729122, 49.70002084],
                    [13.53708447, 49.70052249],
                    [13.53684701, 49.70091511],
                    [13.53629925, 49.70109784],
                    [13.53608922, 49.70121453],
                    [13.53545664, 49.70178701],
                    [13.53505778, 49.70202463],
                    [13.53656865, 49.70313048],
                    [13.53909617, 49.70489330],
                    [13.54173260, 49.70646309],
                    [13.54426156, 49.70790867],
                    [13.54542080, 49.70853912],
                    [13.54622674, 49.70909737],
                    [13.54683849, 49.70973786],
                    [13.54710349, 49.71019312],
                    [13.54744003, 49.71084482],
                    [13.54429517, 49.71195662],
                    [13.54431445, 49.71233883],
                    [13.54452896, 49.71246739],
                    [13.54292830, 49.71436431],
                    [13.54273101, 49.71471255],
                    [13.54257106, 49.71503538],
                    [13.54232087, 49.71566997],
                    [13.54223025, 49.71599397],
                    [13.54211340, 49.71681264],
                    [13.54207556, 49.71742612],
                    [13.54161534, 49.71752943],
                    [13.54110953, 49.71769476],
                    [13.54027085, 49.71802494],
                    [13.53895088, 49.71867599],
                    [13.53843259, 49.71912267],
                    [13.53817857, 49.71947076],
                    [13.53791521, 49.71994645],
                    [13.53823704, 49.72026611],
                    [13.53897287, 49.72096970],
                    [13.53876487, 49.72097231],
                    [13.53789316, 49.72113495],
                    [13.53638076, 49.72186772],
                    [13.53544464, 49.72128052],
                    [13.53458797, 49.72151821],
                    [13.53427838, 49.72152377],
                    [13.53384263, 49.72169140],
                    [13.53259633, 49.72260148],
                    [13.53415255, 49.72323872],
                    [13.53335860, 49.72511676],
                    [13.53219389, 49.72498629],
                    [13.53090435, 49.72473234],
                    [13.53083259, 49.72491635],
                    [13.52913424, 49.72464756],
                    [13.52869606, 49.72478924],
                    [13.52857359, 49.72495080],
                    [13.52672051, 49.72638078],
                    [13.52595873, 49.72693721],
                    [13.52551360, 49.72727344],
                    [13.52324248, 49.72911212],
                    [13.52265730, 49.72933742],
                    [13.52037826, 49.72983604],
                    [13.51605224, 49.73102389],
                    [13.51425088, 49.73156886],
                    [13.51352501, 49.73167515],
                    [13.51299632, 49.73168691],
                    [13.51231045, 49.73187288],
                    [13.51182840, 49.73210394],
                    [13.51134446, 49.73225901],
                    [13.51097391, 49.73226087],
                    [13.51078144, 49.73241902],
                    [13.51039849, 49.73255864],
                    [13.50949632, 49.73283726],
                    [13.50878278, 49.73305842],
                    [13.50825784, 49.73322212],
                    [13.50765761, 49.73348294],
                    [13.50735944, 49.73365269],
                    [13.50626418, 49.73354366],
                    [13.50411807, 49.73288008],
                    [13.50164818, 49.73142697],
                    [13.49829601, 49.72991317],
                    [13.49654279, 49.72923714],
                    [13.49426548, 49.72863637],
                    [13.49260181, 49.72824692],
                    [13.49035873, 49.72800312],
                    [13.48740468, 49.72796790],
                    [13.48608584, 49.72794042],
                    [13.48514444, 49.72779812],
                    [13.48402768, 49.72764373],
                    [13.48357693, 49.72593512],
                    [13.48298294, 49.72498458],
                    [13.48172625, 49.72325893],
                    [13.48110607, 49.72254263],
                    [13.48067476, 49.72234382],
                    [13.48035346, 49.72227604],
                    [13.48018483, 49.72191347],
                    [13.48021671, 49.72153402],
                    [13.47985733, 49.72102532],
                    [13.47870065, 49.71983767],
                    [13.47811659, 49.71872409],
                    [13.47760815, 49.71752680],
                    [13.47683637, 49.71601233],
                    [13.47653907, 49.71523642],
                    [13.47910129, 49.71387591],
                    [13.47999413, 49.71341650],
                    [13.48134073, 49.71209049],
                    [13.48208705, 49.71105206],
                    [13.48308166, 49.71027465],
                    [13.48326198, 49.70961821],
                    [13.48488167, 49.71014052],
                    [13.48587549, 49.71045604],
                    [13.48685009, 49.71073324],
                    [13.48889462, 49.70551116],
                    [13.49113104, 49.70531019],
                    [13.49256963, 49.70552327],
                    [13.49329028, 49.70568460],
                    [13.49466572, 49.70592793],
                    [13.49515704, 49.70623084],
                    [13.49600817, 49.70631377],
                    [13.49687167, 49.70634324],
                    [13.49750458, 49.70627739],
                    [13.49805242, 49.70609394],
                    [13.49822413, 49.70583742],
                    [13.49829156, 49.70542501],
                    [13.49875336, 49.70549181],
                    [13.49943861, 49.70495742],
                    [13.49993848, 49.70449604],
                    [13.49995099, 49.70407829],
                    [13.50017915, 49.70333542],
                    [13.50139719, 49.70219712],
                    [13.50143443, 49.70167247],
                    [13.50107781, 49.70090909],
                    [13.50172352, 49.70018126],
                    [13.50277119, 49.69917210],
                    [13.50457570, 49.69610531],
                    [13.50533231, 49.69484920],
                    [13.50560549, 49.69463899],
                    [13.50804882, 49.69341957],
                    [13.50943920, 49.69259470],
                    [13.50958533, 49.69255506],
                    [13.50999932, 49.69237990],
                    [13.51054469, 49.69212998],
                    [13.51083032, 49.69201638],
                    [13.51252466, 49.69218127],
                    [13.51912002, 49.69277575],
                    [13.52465173, 49.69325972],
                    [13.52647501, 49.69345040],
                    [13.52684033, 49.69346493],
                    [13.52814299, 49.69327239],
                    [13.53034942, 49.69296773],
                    [13.53055226, 49.69299419],
                    [13.53112988, 49.69305874],
                    [13.53191212, 49.69312966],
                    [13.53210606, 49.69314513],
                    [13.53269074, 49.69318990],
                    [13.53315058, 49.69325531],
                    [13.53371102, 49.69340311],
                    [13.53403605, 49.69348861],
                    [13.53450169, 49.69358985],
                    [13.53479199, 49.69364294],
                    [13.53508651, 49.69367776],
                    [13.53529029, 49.69367889],
                    [13.53592524, 49.69359531],
                    [13.53665038, 49.69345180],
                    [13.53718611, 49.69333504],
                    [13.53790134, 49.69316873],
                    [13.53918900, 49.69282492],
                    [13.53959706, 49.69269040],
                    [13.54025413, 49.69253986],
                    [13.54061425, 49.69246038]
                ]
            ]
        },
        "properties": {
            "OBJEKT": "Honitba - areál",
            "ID_HON": 12,
            "NAZEV": "Tymákov",
            "DRZITEL": "HS Tymákov",
            "UZIVATEL": "MS Tymákov",
            "VYMERA_HA": 1264
        }
    }, {
        "type": "Feature",
        "id": "mysliveckehonitby.10603347",
        "geometry": {
            "type": "Point",
            "coordinates": [13.51390492, 49.71317195]
        },
        "properties": {
            "OBJEKT": "Honitba - popis",
            "ID_HON": 12,
            "NAZEV": "Tymákov",
            "DRZITEL": "HS Tymákov",
            "UZIVATEL": "MS Tymákov",
            "VYMERA_HA": 1264,
            "text": "12 - Tymákov"
        }
    }, {
        "type": "Feature",
        "id": "mysliveckehonitby.10603337",
        "geometry": {
            "type": "Point",
            "coordinates": [13.53048455, 49.77831976]
        },
        "properties": {
            "OBJEKT": "Honitba - popis",
            "ID_HON": 3,
            "NAZEV": "Dýšina (Kohout)",
            "DRZITEL": "HS Dýšina",
            "UZIVATEL": "MS Kohout Dýšina",
            "VYMERA_HA": 735,
            "text": "3 - Dýšina (Kohout)"
        }
    }, {
        "type": "Feature",
        "id": "mysliveckehonitby.10603327",
        "geometry": {
            "type": "Polygon",
            "coordinates": [
                [
                    [13.50954606, 49.78488478],
                    [13.50976550, 49.78494773],
                    [13.51026945, 49.78507861],
                    [13.51071772, 49.78508575],
                    [13.51149188, 49.78496068],
                    [13.51254792, 49.78477195],
                    [13.51300513, 49.78467980],
                    [13.51343140, 49.78455250],
                    [13.51412501, 49.78413440],
                    [13.51453494, 49.78356289],
                    [13.51445291, 49.78271885],
                    [13.51406278, 49.78200671],
                    [13.51320382, 49.78086246],
                    [13.51293923, 49.78038726],
                    [13.51262788, 49.77939508],
                    [13.51219662, 49.77856122],
                    [13.51189339, 49.77807327],
                    [13.51180051, 49.77751586],
                    [13.51184537, 49.77696283],
                    [13.51175043, 49.77659400],
                    [13.51148792, 49.77611000],
                    [13.51125798, 49.77566513],
                    [13.51106125, 49.77537631],
                    [13.51089234, 49.77520707],
                    [13.51063996, 49.77503871],
                    [13.51030275, 49.77499696],
                    [13.50997570, 49.77509104],
                    [13.50935823, 49.77530074],
                    [13.50906785, 49.77523656],
                    [13.50898646, 49.77504884],
                    [13.50889424, 49.77478817],
                    [13.50898319, 49.77446417],
                    [13.50917722, 49.77416572],
                    [13.50960270, 49.77376656],
                    [13.50960958, 49.77331772],
                    [13.50933822, 49.77311155],
                    [13.50897189, 49.77289614],
                    [13.50878535, 49.77274316],
                    [13.50868633, 49.77257172],
                    [13.50849171, 49.77209431],
                    [13.50808346, 49.77128148],
                    [13.50809299, 49.77112058],
                    [13.50812898, 49.77102518],
                    [13.50842483, 49.77076626],
                    [13.50880485, 49.77026379],
                    [13.50906072, 49.76975824],
                    [13.50910085, 49.76928566],
                    [13.50902696, 49.76894584],
                    [13.50895916, 49.76875946],
                    [13.50879504, 49.76850975],
                    [13.50840911, 49.76813962],
                    [13.50806747, 49.76778192],
                    [13.50719255, 49.76688776],
                    [13.50677215, 49.76612767],
                    [13.50606494, 49.76480929],
                    [13.50580496, 49.76456331],
                    [13.50494404, 49.76372892],
                    [13.50417062, 49.76296597],
                    [13.50472288, 49.76310714],
                    [13.50540034, 49.76322416],
                    [13.50549044, 49.76322352],
                    [13.50561254, 49.76319252],
                    [13.50571021, 49.76291880],
                    [13.50580792, 49.76277422],
                    [13.50572442, 49.76270468],
                    [13.50546699, 49.76257215],
                    [13.50513505, 49.76232896],
                    [13.50480218, 49.76193601],
                    [13.50474937, 49.76185312],
                    [13.50465356, 49.76153278],
                    [13.50455041, 49.76076362],
                    [13.50415322, 49.76036835],
                    [13.50396867, 49.76015471],
                    [13.50394404, 49.76007974],
                    [13.50398593, 49.75982522],
                    [13.50415954, 49.75956941],
                    [13.50452406, 49.75913585],
                    [13.50501672, 49.75871775],
                    [13.50508042, 49.75861562],
                    [13.50510018, 49.75834750],
                    [13.50506772, 49.75795919],
                    [13.50513659, 49.75793371],
                    [13.50504392, 49.75781829],
                    [13.50514062, 49.75742918],
                    [13.50525920, 49.75735571],
                    [13.50582502, 49.75714519],
                    [13.50674608, 49.75686917],
                    [13.50743389, 49.75677583],
                    [13.50767838, 49.75679509],
                    [13.50797744, 49.75688435],
                    [13.50826732, 49.75692307],
                    [13.50988002, 49.75680756],
                    [13.51010538, 49.75687685],
                    [13.51024089, 49.75688553],
                    [13.51034792, 49.75687937],
                    [13.51083453, 49.75681095],
                    [13.51098781, 49.75680242],
                    [13.51407188, 49.75645973],
                    [13.51461034, 49.75651506],
                    [13.51599293, 49.75654859],
                    [13.51626432, 49.75657948],
                    [13.51649189, 49.75668433],
                    [13.51700944, 49.75766738],
                    [13.51684481, 49.75775326],
                    [13.51689999, 49.75789533],
                    [13.51715537, 49.75840070],
                    [13.51757316, 49.75873480],
                    [13.51792499, 49.75891470],
                    [13.51812151, 49.75927988],
                    [13.51824657, 49.75971100],
                    [13.51839913, 49.76014477],
                    [13.51936571, 49.76016700],
                    [13.52177440, 49.76400589],
                    [13.52259429, 49.76518098],
                    [13.52340605, 49.76647111],
                    [13.52474446, 49.76870491],
                    [13.52652188, 49.76904133],
                    [13.52698581, 49.76904081],
                    [13.52999074, 49.76911376],
                    [13.53212899, 49.76916633],
                    [13.53358335, 49.76919808],
                    [13.53477231, 49.76899603],
                    [13.53617988, 49.76873949],
                    [13.53653591, 49.76871936],
                    [13.53667278, 49.76879417],
                    [13.53676826, 49.76886939],
                    [13.53692911, 49.76890320],
                    [13.53725146, 49.76890712],
                    [13.53754837, 49.76889948],
                    [13.53815867, 49.76881292],
                    [13.53917930, 49.76877523],
                    [13.53999448, 49.76883602],
                    [13.54065020, 49.76891779],
                    [13.54138019, 49.76904317],
                    [13.54136026, 49.76906856],
                    [13.54119671, 49.76910736],
                    [13.54078093, 49.76920368],
                    [13.54055965, 49.76930974],
                    [13.54051570, 49.76937834],
                    [13.54051644, 49.76949681],
                    [13.54057497, 49.76973017],
                    [13.54058410, 49.77017732],
                    [13.54063037, 49.77064628],
                    [13.54069507, 49.77085291],
                    [13.54107102, 49.77111161],
                    [13.54116659, 49.77118463],
                    [13.54125195, 49.77148433],
                    [13.54137923, 49.77172435],
                    [13.54155804, 49.77192382],
                    [13.54162958, 49.77204005],
                    [13.54157887, 49.77238121],
                    [13.54159897, 49.77272014],
                    [13.54156209, 49.77324479],
                    [13.54185220, 49.77332755],
                    [13.54254381, 49.77355849],
                    [13.54302368, 49.77373249],
                    [13.54339226, 49.77402320],
                    [13.54392929, 49.77437577],
                    [13.54421810, 49.77458589],
                    [13.54579871, 49.77578821],
                    [13.54800635, 49.77755024],
                    [13.55498013, 49.78238003],
                    [13.55513865, 49.78382520],
                    [13.55537796, 49.78388478],
                    [13.55548939, 49.78395020],
                    [13.55551908, 49.78412611],
                    [13.55543931, 49.78502000],
                    [13.55566520, 49.78641704],
                    [13.55661538, 49.78638145],
                    [13.55789419, 49.78632302],
                    [13.55901145, 49.78629446],
                    [13.55897446, 49.78645482],
                    [13.55897463, 49.78681967],
                    [13.55891254, 49.78733251],
                    [13.55878358, 49.78764773],
                    [13.55874044, 49.78783471],
                    [13.55883072, 49.78805280],
                    [13.55866049, 49.78836403],
                    [13.55836871, 49.78883646],
                    [13.55837458, 49.78923754],
                    [13.55843027, 49.78997113],
                    [13.55842998, 49.79039893],
                    [13.55793588, 49.79066326],
                    [13.55756406, 49.79087319],
                    [13.55706716, 49.79119853],
                    [13.55643003, 49.79158316],
                    [13.55597566, 49.79178510],
                    [13.55540304, 49.79201203],
                    [13.55471562, 49.79230982],
                    [13.55414424, 49.79262250],
                    [13.55271101, 49.79334902],
                    [13.55175014, 49.79403927],
                    [13.55126693, 49.79436591],
                    [13.55091767, 49.79447783],
                    [13.54979405, 49.79453302],
                    [13.54913384, 49.79446912],
                    [13.54817169, 49.79431225],
                    [13.54743167, 49.79416776],
                    [13.54682995, 49.79415505],
                    [13.54615675, 49.79420827],
                    [13.54560801, 49.79420979],
                    [13.54414876, 49.79419600],
                    [13.54196471, 49.79427593],
                    [13.54016442, 49.79433836],
                    [13.53921201, 49.79438271],
                    [13.53866738, 49.79436638],
                    [13.53846372, 49.79409164],
                    [13.53821188, 49.79372116],
                    [13.53803227, 49.79340321],
                    [13.53812781, 49.79329406],
                    [13.53841929, 49.79306729],
                    [13.53861036, 49.79284901],
                    [13.53880556, 49.79261291],
                    [13.53918499, 49.79224894],
                    [13.53971010, 49.79168051],
                    [13.54046360, 49.79091472],
                    [13.54054884, 49.79085012],
                    [13.54071446, 49.79062026],
                    [13.54086063, 49.78998779],
                    [13.54069007, 49.78993484],
                    [13.54035449, 49.78986590],
                    [13.54014268, 49.78980896],
                    [13.54004913, 49.78972703],
                    [13.54001471, 49.78963263],
                    [13.54006273, 49.78936405],
                    [13.53989746, 49.78880160],
                    [13.53961138, 49.78870103],
                    [13.53926065, 49.78857597],
                    [13.53893950, 49.78844467],
                    [13.53863555, 49.78836057],
                    [13.53832336, 49.78831211],
                    [13.53801603, 49.78836431],
                    [13.53724465, 49.78859921],
                    [13.53673111, 49.78881357],
                    [13.53610820, 49.78895356],
                    [13.53574379, 49.78900933],
                    [13.53535873, 49.78897201],
                    [13.53505617, 49.78894268],
                    [13.53471031, 49.78891826],
                    [13.53440365, 49.78890676],
                    [13.53417052, 49.78882041],
                    [13.53408455, 49.78876654],
                    [13.53409825, 49.78858572],
                    [13.53410782, 49.78842270],
                    [13.53389809, 49.78835684],
                    [13.53303717, 49.78812767],
                    [13.53210198, 49.78785485],
                    [13.53182757, 49.78758234],
                    [13.53139087, 49.78722124],
                    [13.53104012, 49.78691400],
                    [13.53098441, 49.78679019],
                    [13.53101391, 49.78660180],
                    [13.53112935, 49.78628512],
                    [13.53117746, 49.78619870],
                    [13.53111555, 49.78610163],
                    [13.53096908, 49.78600546],
                    [13.53075797, 49.78588480],
                    [13.53048016, 49.78574857],
                    [13.52996444, 49.78566213],
                    [13.52874886, 49.78568997],
                    [13.52771134, 49.78561667],
                    [13.52694059, 49.78560566],
                    [13.52647100, 49.78556922],
                    [13.52622348, 49.78554521],
                    [13.52589619, 49.78544060],
                    [13.52520382, 49.78527324],
                    [13.52448188, 49.78511213],
                    [13.52304835, 49.78492749],
                    [13.52175508, 49.78486575],
                    [13.52128688, 49.78488406],
                    [13.52094313, 49.78503285],
                    [13.52036628, 49.78527743],
                    [13.51998676, 49.78545918],
                    [13.51947952, 49.78559194],
                    [13.51814183, 49.78556072],
                    [13.51767594, 49.78548078],
                    [13.51683928, 49.78527183],
                    [13.51637016, 49.78521710],
                    [13.51595231, 49.78518571],
                    [13.51567998, 49.78526025],
                    [13.51469666, 49.78546768],
                    [13.51403003, 49.78571505],
                    [13.51334675, 49.78585065],
                    [13.51248193, 49.78591353],
                    [13.51182087, 49.78583095],
                    [13.51075651, 49.78565413],
                    [13.51011695, 49.78541758],
                    [13.50970817, 49.78510249],
                    [13.50954606, 49.78488478]
                ]
            ]
        },
        "properties": {
            "OBJEKT": "Honitba - areál",
            "ID_HON": 3,
            "NAZEV": "Dýšina (Kohout)",
            "DRZITEL": "HS Dýšina",
            "UZIVATEL": "MS Kohout Dýšina",
            "VYMERA_HA": 735
        }
    }, {
        "type": "Feature",
        "id": "mysliveckehonitby.10603336",
        "geometry": {
            "type": "Point",
            "coordinates": [13.49038271, 49.79115950]
        },
        "properties": {
            "OBJEKT": "Honitba - popis",
            "ID_HON": 13,
            "NAZEV": "Chrást u Plzně",
            "DRZITEL": "HS Chrást u Plzně",
            "UZIVATEL": "MS Chrást u Plzně",
            "VYMERA_HA": 679,
            "text": "13 - Chrást u Plzně"
        }
    }, {
        "type": "Feature",
        "id": "mysliveckehonitby.10603325",
        "geometry": {
            "type": "Polygon",
            "coordinates": [
                [
                    [13.48271171, 49.77538719],
                    [13.48336976, 49.77554308],
                    [13.48400941, 49.77578445],
                    [13.48440422, 49.77591471],
                    [13.48556377, 49.77622959],
                    [13.48708298, 49.77646016],
                    [13.48775491, 49.77661738],
                    [13.48876222, 49.77673382],
                    [13.48867185, 49.77730615],
                    [13.48880956, 49.77756741],
                    [13.48908302, 49.77791534],
                    [13.48916385, 49.77829959],
                    [13.48856452, 49.77941628],
                    [13.48869359, 49.78154579],
                    [13.48976610, 49.78168692],
                    [13.49097856, 49.78189672],
                    [13.49036841, 49.78257174],
                    [13.49138208, 49.78266122],
                    [13.49208120, 49.78270171],
                    [13.49257664, 49.78270402],
                    [13.49268677, 49.78277900],
                    [13.49294037, 49.78278532],
                    [13.49319388, 49.78297522],
                    [13.49376651, 49.78295017],
                    [13.49391043, 49.78336810],
                    [13.49409166, 49.78355193],
                    [13.49442416, 49.78376788],
                    [13.49520708, 49.78393585],
                    [13.49614926, 49.78439470],
                    [13.49666392, 49.78480278],
                    [13.49693819, 49.78508650],
                    [13.49700323, 49.78529477],
                    [13.49699763, 49.78544111],
                    [13.49743341, 49.78563955],
                    [13.49756791, 49.78548740],
                    [13.49961747, 49.78302373],
                    [13.50083061, 49.78158113],
                    [13.50237220, 49.77982162],
                    [13.50260705, 49.77990872],
                    [13.50437988, 49.78069612],
                    [13.50550084, 49.78111719],
                    [13.50639184, 49.78136903],
                    [13.50719907, 49.78130978],
                    [13.50755591, 49.78129856],
                    [13.50799794, 49.78147003],
                    [13.50827851, 49.78172679],
                    [13.50859232, 49.78202349],
                    [13.50882300, 49.78231212],
                    [13.50891303, 49.78259626],
                    [13.50886930, 49.78296837],
                    [13.50875628, 49.78333375],
                    [13.50871325, 49.78364169],
                    [13.50876099, 49.78398597],
                    [13.50918429, 49.78442182],
                    [13.50954606, 49.78488478],
                    [13.50970817, 49.78510249],
                    [13.51011695, 49.78541758],
                    [13.51075651, 49.78565413],
                    [13.51182087, 49.78583095],
                    [13.51248193, 49.78591353],
                    [13.51334675, 49.78585065],
                    [13.51403003, 49.78571505],
                    [13.51469666, 49.78546768],
                    [13.51567998, 49.78526025],
                    [13.51595231, 49.78518571],
                    [13.51637016, 49.78521710],
                    [13.51683928, 49.78527183],
                    [13.51588154, 49.78659249],
                    [13.51586144, 49.78680167],
                    [13.51600833, 49.78714640],
                    [13.51595055, 49.78788529],
                    [13.51582302, 49.78812993],
                    [13.51564971, 49.78912286],
                    [13.51385690, 49.78921499],
                    [13.51317706, 49.78921322],
                    [13.51292826, 49.78930839],
                    [13.51090656, 49.79057159],
                    [13.51016699, 49.79113315],
                    [13.51110326, 49.79125164],
                    [13.51145112, 49.79152409],
                    [13.51123829, 49.79195322],
                    [13.51156662, 49.79212655],
                    [13.51143138, 49.79271009],
                    [13.51037100, 49.79269890],
                    [13.51016168, 49.79280708],
                    [13.50951841, 49.79344225],
                    [13.50944283, 49.79364604],
                    [13.50956951, 49.79438353],
                    [13.50969479, 49.79524941],
                    [13.50935932, 49.79529027],
                    [13.50899614, 49.79532842],
                    [13.50863504, 49.79535760],
                    [13.50818730, 49.79533246],
                    [13.50791628, 49.79546219],
                    [13.50754543, 49.79565566],
                    [13.50673302, 49.79598066],
                    [13.50777543, 49.79631421],
                    [13.50705307, 49.79692334],
                    [13.50791655, 49.79753964],
                    [13.50671731, 49.79806571],
                    [13.50711436, 49.79855410],
                    [13.50566073, 49.79895447],
                    [13.50612638, 49.79951378],
                    [13.50630484, 49.80094479],
                    [13.50590210, 49.80096992],
                    [13.50548835, 49.80103626],
                    [13.50560612, 49.80132309],
                    [13.50577588, 49.80156908],
                    [13.50590543, 49.80186623],
                    [13.50600308, 49.80217865],
                    [13.50593579, 49.80234653],
                    [13.50580611, 49.80260014],
                    [13.50573048, 49.80280393],
                    [13.50572003, 49.80303241],
                    [13.50574008, 49.80319041],
                    [13.50584174, 49.80343075],
                    [13.50644876, 49.80429753],
                    [13.50711061, 49.80505030],
                    [13.50756458, 49.80541568],
                    [13.50817180, 49.80573169],
                    [13.50882201, 49.80592336],
                    [13.50955959, 49.80610514],
                    [13.50982024, 49.80620389],
                    [13.50988052, 49.80631072],
                    [13.50982365, 49.80643372],
                    [13.50976537, 49.80668509],
                    [13.50982151, 49.80680988],
                    [13.51008283, 49.80702802],
                    [13.51037467, 49.80717570],
                    [13.51129806, 49.80741223],
                    [13.51175490, 49.80752085],
                    [13.51193582, 49.80765775],
                    [13.51202523, 49.80782247],
                    [13.51200093, 49.80804961],
                    [13.51191213, 49.80855504],
                    [13.51177861, 49.80909419],
                    [13.51173423, 49.80934678],
                    [13.51167530, 49.80947869],
                    [13.51151307, 49.80962809],
                    [13.51138342, 49.80969808],
                    [13.51119484, 49.80971647],
                    [13.51094596, 49.80962808],
                    [13.51062428, 49.80948675],
                    [13.51038995, 49.80933554],
                    [13.50997746, 49.80915786],
                    [13.50955041, 49.80904299],
                    [13.50900273, 49.80889806],
                    [13.50823735, 49.80889713],
                    [13.50769728, 49.80896395],
                    [13.50694781, 49.80913889],
                    [13.50653253, 49.80921783],
                    [13.50601950, 49.80916800],
                    [13.50561602, 49.80907375],
                    [13.50533525, 49.80900059],
                    [13.50500665, 49.80895032],
                    [13.50452828, 49.80899560],
                    [13.50415321, 49.80902339],
                    [13.50378922, 49.80912565],
                    [13.50339540, 49.80923419],
                    [13.50311669, 49.80933557],
                    [13.50276584, 49.80950333],
                    [13.50263756, 49.80962850],
                    [13.50269993, 49.80972631],
                    [13.50284896, 49.80987842],
                    [13.50316645, 49.81003772],
                    [13.50351792, 49.81017279],
                    [13.50367320, 49.81029798],
                    [13.50376605, 49.81050886],
                    [13.50367658, 49.81071120],
                    [13.50353027, 49.81085296],
                    [13.50326678, 49.81101086],
                    [13.50309342, 49.81108577],
                    [13.50294228, 49.81112614],
                    [13.50261645, 49.81100273],
                    [13.50245148, 49.81085824],
                    [13.50229554, 49.81061371],
                    [13.50214930, 49.81038847],
                    [13.50200582, 49.81027360],
                    [13.50178397, 49.81025205],
                    [13.50145394, 49.81033007],
                    [13.50094569, 49.81056511],
                    [13.50083197, 49.81062747],
                    [13.50083126, 49.81069162],
                    [13.50106485, 49.81090701],
                    [13.50137534, 49.81134089],
                    [13.50155692, 49.81159709],
                    [13.50168238, 49.81172856],
                    [13.50163800, 49.81179765],
                    [13.50146048, 49.81189050],
                    [13.50115193, 49.81199815],
                    [13.50083230, 49.81203131],
                    [13.50055776, 49.81193123],
                    [13.50030959, 49.81177866],
                    [13.50003650, 49.81155026],
                    [13.49984795, 49.81138513],
                    [13.49930789, 49.81126842],
                    [13.49888983, 49.81123697],
                    [13.49857124, 49.81138521],
                    [13.49811093, 49.81141389],
                    [13.49753843, 49.81119303],
                    [13.49644346, 49.81053587],
                    [13.49545523, 49.80990744],
                    [13.49465824, 49.80955458],
                    [13.49365321, 49.80936506],
                    [13.49225022, 49.80930205],
                    [13.49112721, 49.80937639],
                    [13.49036318, 49.80961414],
                    [13.48994435, 49.80983041],
                    [13.48963103, 49.80983664],
                    [13.48874671, 49.80949360],
                    [13.48763521, 49.80890817],
                    [13.48665967, 49.80822581],
                    [13.48589907, 49.80747256],
                    [13.48537846, 49.80654074],
                    [13.48514223, 49.80536123],
                    [13.48488516, 49.80427147],
                    [13.48472055, 49.80351580],
                    [13.48479024, 49.80297187],
                    [13.48502896, 49.80255452],
                    [13.48525247, 49.80208063],
                    [13.48517373, 49.80168746],
                    [13.48491616, 49.80133194],
                    [13.48451728, 49.80085254],
                    [13.48398937, 49.80056250],
                    [13.48299709, 49.80031903],
                    [13.48205876, 49.80020932],
                    [13.48056724, 49.80028438],
                    [13.47956601, 49.80040257],
                    [13.47908076, 49.80053889],
                    [13.47801486, 49.80049014],
                    [13.47623801, 49.80017680],
                    [13.47462415, 49.79986360],
                    [13.47267366, 49.79935244],
                    [13.47119292, 49.79901546],
                    [13.46962680, 49.79886280],
                    [13.46849033, 49.79875201],
                    [13.46866924, 49.79835434],
                    [13.46878031, 49.79818156],
                    [13.46895862, 49.79802452],
                    [13.46915837, 49.79789710],
                    [13.46955351, 49.79784381],
                    [13.47051979, 49.79777276],
                    [13.47220420, 49.79766153],
                    [13.47282738, 49.79760292],
                    [13.47301743, 49.79745620],
                    [13.47353140, 49.79707481],
                    [13.47419097, 49.79661580],
                    [13.47462101, 49.79629050],
                    [13.47516893, 49.79588488],
                    [13.47557047, 49.79562105],
                    [13.47564277, 49.79537104],
                    [13.47553146, 49.79505725],
                    [13.47510538, 49.79487803],
                    [13.47479987, 49.79472892],
                    [13.47466827, 49.79462429],
                    [13.47450555, 49.79447073],
                    [13.47406293, 49.79417973],
                    [13.47381912, 49.79400908],
                    [13.47458194, 49.79353260],
                    [13.47475812, 49.79338453],
                    [13.47477274, 49.79332169],
                    [13.47458402, 49.79321891],
                    [13.47382340, 49.79283266],
                    [13.47346796, 49.79271540],
                    [13.47330583, 49.79268124],
                    [13.47341688, 49.79250846],
                    [13.47342464, 49.79235315],
                    [13.47301378, 49.79223048],
                    [13.47271379, 49.79211862],
                    [13.47250266, 49.79186853],
                    [13.47229987, 49.79158254],
                    [13.47212898, 49.79128129],
                    [13.47169934, 49.79123941],
                    [13.47169874, 49.79044984],
                    [13.47165787, 49.78971143],
                    [13.47153083, 49.78922167],
                    [13.47127357, 49.78868249],
                    [13.47107155, 49.78833230],
                    [13.47083372, 49.78794108],
                    [13.47064006, 49.78755499],
                    [13.47032188, 49.78697314],
                    [13.47044318, 49.78693907],
                    [13.47028637, 49.78645558],
                    [13.46994655, 49.78602769],
                    [13.46958928, 49.78573580],
                    [13.46939755, 49.78552432],
                    [13.46902718, 49.78516689],
                    [13.46881003, 49.78476014],
                    [13.46917524, 49.78404296],
                    [13.46951807, 49.78421410],
                    [13.47003175, 49.78324252],
                    [13.47049203, 49.78236019],
                    [13.47127838, 49.78105063],
                    [13.47184073, 49.77991201],
                    [13.47138517, 49.77955546],
                    [13.47104180, 49.77926493],
                    [13.47052380, 49.77899409],
                    [13.47113707, 49.77891619],
                    [13.47443760, 49.78068845],
                    [13.47573991, 49.77947506],
                    [13.47639649, 49.77975938],
                    [13.47873915, 49.77791027],
                    [13.47722249, 49.77711985],
                    [13.47822012, 49.77636332],
                    [13.47819825, 49.77517694],
                    [13.47983045, 49.77522582],
                    [13.48131995, 49.77527914],
                    [13.48271171, 49.77538719]
                ]
            ]
        },
        "properties": {
            "OBJEKT": "Honitba - areál",
            "ID_HON": 13,
            "NAZEV": "Chrást u Plzně",
            "DRZITEL": "HS Chrást u Plzně",
            "UZIVATEL": "MS Chrást u Plzně",
            "VYMERA_HA": 679
        }
    }, {
        "type": "Feature",
        "id": "mysliveckehonitby.10603322",
        "geometry": {
            "type": "Polygon",
            "coordinates": [
                [
                    [13.48357693, 49.72593512],
                    [13.48236136, 49.72608986],
                    [13.48026364, 49.72677792],
                    [13.47872611, 49.72718223],
                    [13.47125774, 49.72499704],
                    [13.46473494, 49.72261236],
                    [13.45678231, 49.71768427],
                    [13.44972019, 49.71327955],
                    [13.44361231, 49.71056988],
                    [13.43728781, 49.70638205],
                    [13.43587145, 49.70282039],
                    [13.43370501, 49.70151570],
                    [13.43268622, 49.70010494],
                    [13.43318776, 49.69891601],
                    [13.43252519, 49.69790431],
                    [13.43120794, 49.69777520],
                    [13.43180181, 49.69164430],
                    [13.43362855, 49.68922708],
                    [13.43493823, 49.68806198],
                    [13.44173730, 49.68108292],
                    [13.44285739, 49.68157518],
                    [13.44524153, 49.68266482],
                    [13.44583627, 49.68312380],
                    [13.44642274, 49.68361840],
                    [13.44704909, 49.68406226],
                    [13.44790633, 49.68423727],
                    [13.44871441, 49.68426172],
                    [13.44993972, 49.68418130],
                    [13.45045324, 49.68390369],
                    [13.45101490, 49.68353970],
                    [13.45144300, 49.68350874],
                    [13.45175307, 49.68350266],
                    [13.45204813, 49.68344046],
                    [13.45209214, 49.68337190],
                    [13.45204709, 49.68320355],
                    [13.45197406, 49.68243136],
                    [13.45181923, 49.68128685],
                    [13.45138437, 49.68026065],
                    [13.45096487, 49.67916851],
                    [13.44959902, 49.67707836],
                    [13.44945667, 49.67684584],
                    [13.45439738, 49.67514359],
                    [13.45492330, 49.67577794],
                    [13.45535961, 49.67571135],
                    [13.45627374, 49.67636547],
                    [13.45646163, 49.67640207],
                    [13.45750452, 49.67613979],
                    [13.45723218, 49.67562134],
                    [13.45744228, 49.67544153],
                    [13.45766174, 49.67546300],
                    [13.45794127, 49.67570892],
                    [13.45910213, 49.67542175],
                    [13.45839485, 49.67387713],
                    [13.45860081, 49.67371513],
                    [13.45916750, 49.67357020],
                    [13.45974354, 49.67362655],
                    [13.46020573, 49.67368997],
                    [13.46136763, 49.67363967],
                    [13.46248445, 49.67342103],
                    [13.46386053, 49.67317308],
                    [13.46524186, 49.67314420],
                    [13.46847450, 49.67300682],
                    [13.46852021, 49.67178221],
                    [13.46837114, 49.67127602],
                    [13.46820996, 49.67077498],
                    [13.46797720, 49.66988762],
                    [13.46825748, 49.66988476],
                    [13.46873739, 49.66986509],
                    [13.46908870, 49.66991759],
                    [13.46962492, 49.67009710],
                    [13.47004753, 49.67040470],
                    [13.47043695, 49.67065457],
                    [13.47071536, 49.67069994],
                    [13.47136970, 49.67081230],
                    [13.47204353, 49.67104155],
                    [13.47243345, 49.67124911],
                    [13.47289628, 49.67146379],
                    [13.47341370, 49.67180484],
                    [13.47503623, 49.67251706],
                    [13.47545000, 49.67258169],
                    [13.47567588, 49.67277321],
                    [13.47567617, 49.67297296],
                    [13.47583787, 49.67307953],
                    [13.47610680, 49.67304528],
                    [13.47633614, 49.67294059],
                    [13.47697289, 49.67288779],
                    [13.47756709, 49.67301845],
                    [13.47775801, 49.67307945],
                    [13.47764931, 49.67334723],
                    [13.47765485, 49.67380168],
                    [13.47788045, 49.67435629],
                    [13.47773480, 49.67466282],
                    [13.47757867, 49.67497439],
                    [13.47748231, 49.67518890],
                    [13.47743163, 49.67528684],
                    [13.47724649, 49.67540190],
                    [13.47708346, 49.67545474],
                    [13.47668715, 49.67545662],
                    [13.47658056, 49.67560178],
                    [13.47622222, 49.67647313],
                    [13.47580272, 49.67733850],
                    [13.47554591, 49.67799657],
                    [13.47554524, 49.67817912],
                    [13.47577963, 49.67869577],
                    [13.47587502, 49.67913798],
                    [13.47593988, 49.67971176],
                    [13.47600340, 49.67988706],
                    [13.47614549, 49.67994829],
                    [13.47637367, 49.67999763],
                    [13.47714948, 49.68006662],
                    [13.47784883, 49.68019579],
                    [13.47879116, 49.68035543],
                    [13.47911411, 49.68040049],
                    [13.47926386, 49.67999302],
                    [13.47931075, 49.67997055],
                    [13.47957257, 49.68000963],
                    [13.47988127, 49.68002624],
                    [13.48057613, 49.68003997],
                    [13.48069894, 49.68000461],
                    [13.48085735, 49.68004036],
                    [13.48117010, 49.68008442],
                    [13.48154147, 49.68010037],
                    [13.48219152, 49.68008266],
                    [13.48247427, 49.68007645],
                    [13.48289296, 49.68015789],
                    [13.48322457, 49.68021054],
                    [13.48331725, 49.68026017],
                    [13.48335232, 49.68037857],
                    [13.48318530, 49.68096424],
                    [13.48307026, 49.68133671],
                    [13.48297297, 49.68168895],
                    [13.48290305, 49.68187821],
                    [13.48296844, 49.68194676],
                    [13.48313756, 49.68200385],
                    [13.48340984, 49.68208792],
                    [13.48355701, 49.68221728],
                    [13.48372681, 49.68240635],
                    [13.48391982, 49.68254019],
                    [13.48433319, 49.68271243],
                    [13.48474278, 49.68283358],
                    [13.48527109, 49.68295954],
                    [13.48611422, 49.68321092],
                    [13.48696930, 49.68350066],
                    [13.48745068, 49.68371674],
                    [13.48790693, 49.68388842],
                    [13.48836644, 49.68404148],
                    [13.48856895, 49.68411197],
                    [13.48872433, 49.68416095],
                    [13.48884697, 49.68401394],
                    [13.48930380, 49.68357144],
                    [13.48949580, 49.68338588],
                    [13.48959801, 49.68330452],
                    [13.48984862, 49.68343720],
                    [13.49008932, 49.68354524],
                    [13.49034103, 49.68358331],
                    [13.49058154, 49.68357971],
                    [13.49110201, 49.68362709],
                    [13.49239273, 49.68405559],
                    [13.49178494, 49.68444051],
                    [13.49131210, 49.68469053],
                    [13.49100872, 49.68483593],
                    [13.49062115, 49.68498657],
                    [13.49023357, 49.68513723],
                    [13.49068998, 49.68531633],
                    [13.49112305, 49.68550663],
                    [13.49161395, 49.68571602],
                    [13.49220429, 49.68585435],
                    [13.49252890, 49.68588600],
                    [13.49299131, 49.68630797],
                    [13.49362541, 49.68616789],
                    [13.49455667, 49.68617791],
                    [13.49530840, 49.68615697],
                    [13.49586228, 49.68618403],
                    [13.49648616, 49.68617755],
                    [13.49708168, 49.68611444],
                    [13.49760011, 49.68593615],
                    [13.49793465, 49.68585771],
                    [13.49849415, 49.68577090],
                    [13.49908812, 49.68571437],
                    [13.49991393, 49.68555255],
                    [13.50090762, 49.68529268],
                    [13.50125661, 49.68521900],
                    [13.50078019, 49.68579848],
                    [13.50080301, 49.68583435],
                    [13.50099067, 49.68591993],
                    [13.50142789, 49.68586831],
                    [13.50167898, 49.68585912],
                    [13.50218871, 49.68594243],
                    [13.50239158, 49.68609679],
                    [13.50269688, 49.68630151],
                    [13.50289971, 49.68659047],
                    [13.50305438, 49.68677378],
                    [13.50336222, 49.68701240],
                    [13.50361428, 49.68717828],
                    [13.50372534, 49.68737080],
                    [13.50324090, 49.68749187],
                    [13.50243637, 49.68769616],
                    [13.50174949, 49.68801959],
                    [13.50150083, 49.68815272],
                    [13.50119797, 49.68825115],
                    [13.50101889, 49.68830777],
                    [13.50084690, 49.68837855],
                    [13.50073226, 49.68838085],
                    [13.50061815, 49.68833606],
                    [13.50051365, 49.68833935],
                    [13.50032695, 49.68842889],
                    [13.50011791, 49.68857012],
                    [13.49981294, 49.68885688],
                    [13.49956983, 49.68919007],
                    [13.49943127, 49.68938530],
                    [13.49950480, 49.68942613],
                    [13.49938401, 49.68958943],
                    [13.49912265, 49.68986696],
                    [13.49867101, 49.69029430],
                    [13.50069967, 49.69198607],
                    [13.50088681, 49.69211876],
                    [13.50128854, 49.69226563],
                    [13.50180948, 49.69239044],
                    [13.50284016, 49.69286790],
                    [13.50681139, 49.69260822],
                    [13.50798327, 49.69252030],
                    [13.50885836, 49.69250450],
                    [13.50943920, 49.69259470],
                    [13.50804882, 49.69341957],
                    [13.50560549, 49.69463899],
                    [13.50533231, 49.69484920],
                    [13.50457570, 49.69610531],
                    [13.50277119, 49.69917210],
                    [13.50172352, 49.70018126],
                    [13.50107781, 49.70090909],
                    [13.50143443, 49.70167247],
                    [13.50139719, 49.70219712],
                    [13.50017915, 49.70333542],
                    [13.49995099, 49.70407829],
                    [13.49993848, 49.70449604],
                    [13.49943861, 49.70495742],
                    [13.49875336, 49.70549181],
                    [13.49829156, 49.70542501],
                    [13.49822413, 49.70583742],
                    [13.49805242, 49.70609394],
                    [13.49750458, 49.70627739],
                    [13.49687167, 49.70634324],
                    [13.49600817, 49.70631377],
                    [13.49515704, 49.70623084],
                    [13.49466572, 49.70592793],
                    [13.49329028, 49.70568460],
                    [13.49256963, 49.70552327],
                    [13.49113104, 49.70531019],
                    [13.48889462, 49.70551116],
                    [13.48685009, 49.71073324],
                    [13.48587549, 49.71045604],
                    [13.48488167, 49.71014052],
                    [13.48326198, 49.70961821],
                    [13.48308166, 49.71027465],
                    [13.48208705, 49.71105206],
                    [13.48134073, 49.71209049],
                    [13.47999413, 49.71341650],
                    [13.47910129, 49.71387591],
                    [13.47653907, 49.71523642],
                    [13.47683637, 49.71601233],
                    [13.47760815, 49.71752680],
                    [13.47811659, 49.71872409],
                    [13.47870065, 49.71983767],
                    [13.47985733, 49.72102532],
                    [13.48021671, 49.72153402],
                    [13.48018483, 49.72191347],
                    [13.48035346, 49.72227604],
                    [13.48067476, 49.72234382],
                    [13.48110607, 49.72254263],
                    [13.48172625, 49.72325893],
                    [13.48298294, 49.72498458],
                    [13.48357693, 49.72593512]
                ]
            ]
        },
        "properties": {
            "OBJEKT": "Honitba - areál",
            "ID_HON": 11,
            "NAZEV": "Starý Plzenec",
            "DRZITEL": "HS Starý Plzenec",
            "UZIVATEL": "MS Starý Plzenec",
            "VYMERA_HA": 1468
        }
    }, {
        "type": "Feature",
        "id": "mysliveckehonitby.16810113",
        "geometry": {
            "type": "Polygon",
            "coordinates": [
                [
                    [13.41381021, 49.77789747],
                    [13.41404828, 49.77739800],
                    [13.41478610, 49.77662532],
                    [13.41535429, 49.77604116],
                    [13.41573628, 49.77558253],
                    [13.41596749, 49.77502819],
                    [13.41602036, 49.77487105],
                    [13.41594773, 49.77455811],
                    [13.41587169, 49.77418763],
                    [13.41587720, 49.77387562],
                    [13.41600127, 49.77344081],
                    [13.41613761, 49.77311216],
                    [13.41651399, 49.77258423],
                    [13.41655726, 49.77207876],
                    [13.41710964, 49.77172122],
                    [13.41777331, 49.77155619],
                    [13.41820100, 49.77140231],
                    [13.41860547, 49.77096198],
                    [13.41891915, 49.77052739],
                    [13.41916749, 49.76989643],
                    [13.41932833, 49.76932746],
                    [13.41932697, 49.76907543],
                    [13.41923825, 49.76829695],
                    [13.41916931, 49.76799101],
                    [13.41927165, 49.76715796],
                    [13.42106635, 49.76326630],
                    [13.42131897, 49.76193393],
                    [13.42236978, 49.76077336],
                    [13.42318381, 49.75979175],
                    [13.42320787, 49.75918761],
                    [13.42343019, 49.75907040],
                    [13.42408683, 49.75909683],
                    [13.42407101, 49.75841298],
                    [13.42407664, 49.75797130],
                    [13.42502751, 49.75715471],
                    [13.42616700, 49.75586382],
                    [13.42712484, 49.75451584],
                    [13.42776139, 49.75354211],
                    [13.42822400, 49.75231127],
                    [13.42873027, 49.75064247],
                    [13.42872527, 49.74974489],
                    [13.42864516, 49.74875151],
                    [13.43169375, 49.74863310],
                    [13.43787777, 49.74847778],
                    [13.43962875, 49.74842134],
                    [13.43964557, 49.74841808],
                    [13.43951502, 49.74678214],
                    [13.44101318, 49.74675932],
                    [13.44116829, 49.74694572],
                    [13.44128732, 49.74702053],
                    [13.44150544, 49.74713029],
                    [13.44178613, 49.74713880],
                    [13.44211932, 49.74708929],
                    [13.44243545, 49.74698757],
                    [13.44275589, 49.74686733],
                    [13.44312540, 49.74674557],
                    [13.44315369, 49.74672671],
                    [13.44499904, 49.74669855],
                    [13.44502672, 49.74656222],
                    [13.44774733, 49.74653083],
                    [13.45354701, 49.74644097],
                    [13.45770385, 49.74638948],
                    [13.46164145, 49.74632661],
                    [13.46602380, 49.74627229],
                    [13.46793242, 49.74624182],
                    [13.47030296, 49.74620656],
                    [13.47524026, 49.74616809],
                    [13.47589550, 49.74626669],
                    [13.47660912, 49.74649818],
                    [13.47724844, 49.74689589],
                    [13.47767761, 49.74712277],
                    [13.47817318, 49.74721734],
                    [13.47865579, 49.74713719],
                    [13.47912883, 49.74702142],
                    [13.47948836, 49.74701022],
                    [13.47967939, 49.74710980],
                    [13.48006563, 49.74759845],
                    [13.48033140, 49.74814473],
                    [13.48053263, 49.74866160],
                    [13.48054731, 49.74890588],
                    [13.47825248, 49.74856650],
                    [13.47814404, 49.74887972],
                    [13.48041355, 49.74925132],
                    [13.48043595, 49.74969294],
                    [13.48027933, 49.75029056],
                    [13.48009165, 49.75056078],
                    [13.47961950, 49.75059574],
                    [13.47949095, 49.75091874],
                    [13.48153536, 49.75133785],
                    [13.48115236, 49.75229552],
                    [13.47872059, 49.75169980],
                    [13.47843833, 49.75214665],
                    [13.48192859, 49.75294967],
                    [13.48186353, 49.75346046],
                    [13.48173405, 49.75386436],
                    [13.48172770, 49.75419926],
                    [13.48180597, 49.75455398],
                    [13.48133319, 49.75489894],
                    [13.48084938, 49.75529144],
                    [13.47997141, 49.75522900],
                    [13.47984380, 49.75611667],
                    [13.48076026, 49.75609030],
                    [13.48050503, 49.75657450],
                    [13.48047443, 49.75662936],
                    [13.48080156, 49.75683480],
                    [13.48151984, 49.75689323],
                    [13.48235072, 49.75692792],
                    [13.48406485, 49.75700240],
                    [13.48475424, 49.75718526],
                    [13.48538261, 49.75724648],
                    [13.48601346, 49.75752777],
                    [13.48659459, 49.75779263],
                    [13.48691635, 49.75825205],
                    [13.48703222, 49.75859886],
                    [13.48714297, 49.75873691],
                    [13.48738380, 49.75885292],
                    [13.48768579, 49.75885920],
                    [13.48793557, 49.75862900],
                    [13.48816697, 49.75847799],
                    [13.48840794, 49.75836262],
                    [13.48847003, 49.75817199],
                    [13.48854000, 49.75794741],
                    [13.48854536, 49.75785761],
                    [13.49007395, 49.75877709],
                    [13.49033821, 49.75999038],
                    [13.49113736, 49.76259491],
                    [13.49152865, 49.76342892],
                    [13.49258519, 49.76450447],
                    [13.49290427, 49.76497771],
                    [13.49292606, 49.76521986],
                    [13.49301736, 49.76627589],
                    [13.49323494, 49.76704025],
                    [13.49319509, 49.76842969],
                    [13.49322435, 49.76897579],
                    [13.49291677, 49.77013339],
                    [13.49230698, 49.77124896],
                    [13.49174389, 49.77233116],
                    [13.49148114, 49.77337936],
                    [13.49139899, 49.77364930],
                    [13.48992322, 49.77345510],
                    [13.48975906, 49.77374233],
                    [13.48832144, 49.77355184],
                    [13.48630609, 49.77475792],
                    [13.48440422, 49.77591471],
                    [13.48400941, 49.77578445],
                    [13.48336976, 49.77554308],
                    [13.48271171, 49.77538719],
                    [13.48141122, 49.77488211],
                    [13.47975871, 49.77416865],
                    [13.47703255, 49.77339787],
                    [13.47562050, 49.77308874],
                    [13.47500774, 49.77278896],
                    [13.47418261, 49.77222843],
                    [13.47314907, 49.77130645],
                    [13.47230334, 49.77041541],
                    [13.47160179, 49.76932363],
                    [13.47119454, 49.76847584],
                    [13.47065599, 49.76857526],
                    [13.47017349, 49.76859054],
                    [13.46971569, 49.76879856],
                    [13.46934093, 49.76890098],
                    [13.46828273, 49.76892410],
                    [13.46789388, 49.76883563],
                    [13.46680095, 49.76833735],
                    [13.46596241, 49.76800285],
                    [13.46541741, 49.76774751],
                    [13.46511056, 49.76764177],
                    [13.46445560, 49.76769156],
                    [13.46313599, 49.76791654],
                    [13.46233471, 49.76834370],
                    [13.46160153, 49.76868774],
                    [13.46120299, 49.76872465],
                    [13.45992753, 49.76867594],
                    [13.45643556, 49.76793067],
                    [13.45564721, 49.76863701],
                    [13.45256680, 49.76813397],
                    [13.45000080, 49.76793380],
                    [13.44895811, 49.76820819],
                    [13.44818191, 49.76835976],
                    [13.44797794, 49.76794246],
                    [13.44718077, 49.76801610],
                    [13.44665052, 49.76811584],
                    [13.44614295, 49.76836935],
                    [13.44570768, 49.76873098],
                    [13.44503424, 49.76894301],
                    [13.44368449, 49.76937942],
                    [13.44297830, 49.76981558],
                    [13.44288511, 49.77029906],
                    [13.44297145, 49.77059799],
                    [13.44299291, 49.77268121],
                    [13.44234173, 49.77322286],
                    [13.44107908, 49.77348941],
                    [13.44004072, 49.77381107],
                    [13.43847956, 49.77423282],
                    [13.43814268, 49.77433591],
                    [13.43734671, 49.77442182],
                    [13.43639347, 49.77463121],
                    [13.43587523, 49.77479420],
                    [13.43442448, 49.77542367],
                    [13.43330287, 49.77592419],
                    [13.43193065, 49.77618248],
                    [13.43130332, 49.77633142],
                    [13.43049756, 49.77657938],
                    [13.42985720, 49.77677269],
                    [13.42932284, 49.77690344],
                    [13.42893953, 49.77702114],
                    [13.42863067, 49.77721934],
                    [13.42815494, 49.77773475],
                    [13.42801088, 49.77819006],
                    [13.42844461, 49.77871848],
                    [13.42887117, 49.77899967],
                    [13.42955859, 49.77939187],
                    [13.43063565, 49.77987821],
                    [13.43096686, 49.78000128],
                    [13.43145949, 49.78003740],
                    [13.43211100, 49.78027247],
                    [13.43264013, 49.78055604],
                    [13.43314680, 49.78095026],
                    [13.43376196, 49.78144175],
                    [13.43404007, 49.78186407],
                    [13.43392573, 49.78229628],
                    [13.43376090, 49.78304600],
                    [13.43382898, 49.78324417],
                    [13.43393901, 49.78382528],
                    [13.43418740, 49.78420231],
                    [13.43440995, 49.78441559],
                    [13.43473790, 49.78462500],
                    [13.43490787, 49.78491979],
                    [13.43488567, 49.78527436],
                    [13.43466886, 49.78547703],
                    [13.43416122, 49.78576983],
                    [13.43384500, 49.78601507],
                    [13.43357653, 49.78619113],
                    [13.43324003, 49.78639328],
                    [13.43234075, 49.78673861],
                    [13.43155224, 49.78700401],
                    [13.43075962, 49.78718653],
                    [13.43031692, 49.78725688],
                    [13.42962228, 49.78727475],
                    [13.42876774, 49.78728988],
                    [13.42798520, 49.78724148],
                    [13.42729716, 49.78712276],
                    [13.42663601, 49.78685344],
                    [13.42590533, 49.78649037],
                    [13.42498104, 49.78598867],
                    [13.42443939, 49.78554580],
                    [13.42392839, 49.78509255],
                    [13.42330098, 49.78453706],
                    [13.42278403, 49.78401020],
                    [13.42251994, 49.78360695],
                    [13.42219809, 49.78325624],
                    [13.42188005, 49.78303349],
                    [13.42172177, 49.78282730],
                    [13.42167668, 49.78265656],
                    [13.42179153, 49.78233507],
                    [13.42211764, 49.78175364],
                    [13.42215614, 49.78159245],
                    [13.42202772, 49.78125659],
                    [13.42182890, 49.78080371],
                    [13.42160022, 49.78029407],
                    [13.42146714, 49.77997522],
                    [13.42123962, 49.77953280],
                    [13.42097656, 49.77919449],
                    [13.42076852, 49.77888511],
                    [13.42024363, 49.77863545],
                    [13.41940754, 49.77844596],
                    [13.41836881, 49.77847524],
                    [13.41777202, 49.77858145],
                    [13.41740573, 49.77872708],
                    [13.41683213, 49.77885720],
                    [13.41583382, 49.77882221],
                    [13.41517754, 49.77876108],
                    [13.41446182, 49.77889836],
                    [13.41403368, 49.77865670],
                    [13.41389111, 49.77848677],
                    [13.41384949, 49.77825752],
                    [13.41381021, 49.77789747]
                ]
            ]
        },
        "properties": {
            "OBJEKT": "Honitba - areál",
            "ID_HON": 1,
            "NAZEV": "Č.H. - Újezd",
            "DRZITEL": "HS Č.H. u Plzně",
            "UZIVATEL": "MS Č.H. u Plzně",
            "VYMERA_HA": 1052
        }
    }, {
        "type": "Feature",
        "id": "mysliveckehonitby.10603346",
        "geometry": {
            "type": "Point",
            "coordinates": [13.46967040, 49.69945637]
        },
        "properties": {
            "OBJEKT": "Honitba - popis",
            "ID_HON": 11,
            "NAZEV": "Starý Plzenec",
            "DRZITEL": "HS Starý Plzenec",
            "UZIVATEL": "MS Starý Plzenec",
            "VYMERA_HA": 1468,
            "text": "11 - Starý Plzenec"
        }
    }, {
        "type": "Feature",
        "id": "mysliveckehonitby.10603338",
        "geometry": {
            "type": "Point",
            "coordinates": [13.45518924, 49.76009642]
        },
        "properties": {
            "OBJEKT": "Honitba - popis",
            "ID_HON": 1,
            "NAZEV": "Č.H.-Újezd",
            "DRZITEL": "HS Č.H.u Plzně",
            "UZIVATEL": "MS Č.H.u Plzně",
            "VYMERA_HA": 1052,
            "text": "1 - Č.H.-Újezd"
        }
    }, {
        "type": "Feature",
        "id": "mysliveckehonitby.10603339",
        "geometry": {
            "type": "Point",
            "coordinates": [13.44827809, 49.73782598]
        },
        "properties": {
            "OBJEKT": "Honitba - popis",
            "ID_HON": 2,
            "NAZEV": "Božkov-Letkov",
            "DRZITEL": "HS Č.H.uPlzně",
            "UZIVATEL": "MS Č.H.u Plzně",
            "VYMERA_HA": 978,
            "text": "2 - Božkov-Letkov"
        }
    }, {
        "type": "Feature",
        "id": "mysliveckehonitby.16810112",
        "geometry": {
            "type": "Polygon",
            "coordinates": [
                [
                    [13.41751292, 49.71490750],
                    [13.41765868, 49.71443583],
                    [13.41792493, 49.71390656],
                    [13.41853892, 49.71311058],
                    [13.41953021, 49.71207390],
                    [13.42047719, 49.71138000],
                    [13.42163670, 49.71084577],
                    [13.42434264, 49.70995410],
                    [13.43100158, 49.70817710],
                    [13.43552201, 49.70700020],
                    [13.43592327, 49.70684284],
                    [13.43769334, 49.70797381],
                    [13.43879282, 49.70861383],
                    [13.43940930, 49.70918340],
                    [13.44024560, 49.70972819],
                    [13.44063454, 49.70974312],
                    [13.44273957, 49.71096759],
                    [13.44459400, 49.71188974],
                    [13.44505727, 49.71235170],
                    [13.44446488, 49.71305749],
                    [13.44536779, 49.71346989],
                    [13.44582850, 49.71332982],
                    [13.44679135, 49.71333146],
                    [13.44889012, 49.71427744],
                    [13.45022221, 49.71468549],
                    [13.45091591, 49.71507736],
                    [13.45213750, 49.71596061],
                    [13.45333673, 49.71663335],
                    [13.45392387, 49.71717680],
                    [13.45477761, 49.71795461],
                    [13.45605859, 49.71888989],
                    [13.45761481, 49.71993077],
                    [13.45906700, 49.72074388],
                    [13.46099716, 49.72164996],
                    [13.46128816, 49.72193298],
                    [13.46140807, 49.72233814],
                    [13.46160827, 49.72270487],
                    [13.46052894, 49.72366403],
                    [13.45922306, 49.72436961],
                    [13.45783136, 49.72515243],
                    [13.45608372, 49.72606939],
                    [13.45505879, 49.72664039],
                    [13.45449601, 49.72737228],
                    [13.45408566, 49.72828559],
                    [13.45417683, 49.72859087],
                    [13.45420058, 49.72910237],
                    [13.45471087, 49.72982343],
                    [13.45584070, 49.73048933],
                    [13.45823728, 49.73123272],
                    [13.46115016, 49.73221163],
                    [13.46475391, 49.73344309],
                    [13.46696194, 49.73453814],
                    [13.46950045, 49.73619238],
                    [13.47152571, 49.73812606],
                    [13.47564022, 49.74206538],
                    [13.47764150, 49.74400953],
                    [13.47806558, 49.74447452],
                    [13.47763839, 49.74467893],
                    [13.47705786, 49.74502705],
                    [13.47661956, 49.74537749],
                    [13.47607393, 49.74572902],
                    [13.47572306, 49.74585669],
                    [13.47522562, 49.74592382],
                    [13.47524026, 49.74616809],
                    [13.47030296, 49.74620656],
                    [13.46793242, 49.74624182],
                    [13.46602380, 49.74627229],
                    [13.46164145, 49.74632661],
                    [13.45770385, 49.74638948],
                    [13.45354701, 49.74644097],
                    [13.44774733, 49.74653083],
                    [13.44669243, 49.74504677],
                    [13.44637204, 49.74516708],
                    [13.44520881, 49.74555877],
                    [13.44415491, 49.74548097],
                    [13.44310966, 49.74536609],
                    [13.44203601, 49.74512205],
                    [13.44201736, 49.74486750],
                    [13.44053103, 49.74470687],
                    [13.43805247, 49.74451279],
                    [13.43643987, 49.74422064],
                    [13.43534373, 49.74389701],
                    [13.43515195, 49.74438516],
                    [13.43498888, 49.74500105],
                    [13.43481937, 49.74547728],
                    [13.43322550, 49.74520750],
                    [13.43055472, 49.74495861],
                    [13.43012219, 49.74489098],
                    [13.42888323, 49.74472716],
                    [13.42852594, 49.74547976],
                    [13.42846215, 49.74579877],
                    [13.42610619, 49.74587127],
                    [13.42611324, 49.74617525],
                    [13.42474531, 49.74635715],
                    [13.42448541, 49.74621795],
                    [13.42367351, 49.74618894],
                    [13.42191115, 49.74630688],
                    [13.42151737, 49.74640729],
                    [13.42128354, 49.74657393],
                    [13.42060853, 49.74670997],
                    [13.42001550, 49.74682875],
                    [13.41973955, 49.74709236],
                    [13.41927064, 49.74709694],
                    [13.41873242, 49.74698100],
                    [13.41836397, 49.74680587],
                    [13.41782689, 49.74660156],
                    [13.41719453, 49.74638791],
                    [13.41685383, 49.74634440],
                    [13.41655348, 49.74596110],
                    [13.41617344, 49.74541835],
                    [13.41575468, 49.74470750],
                    [13.41772423, 49.74436987],
                    [13.41770055, 49.74430435],
                    [13.41746437, 49.74423065],
                    [13.41634237, 49.74394371],
                    [13.41562511, 49.74334260],
                    [13.41561009, 49.74324002],
                    [13.41577407, 49.74320556],
                    [13.41688786, 49.74302672],
                    [13.41745138, 49.74286715],
                    [13.41693333, 49.74224767],
                    [13.41661334, 49.74169816],
                    [13.41662194, 49.74124406],
                    [13.41687585, 49.74049051],
                    [13.41793133, 49.74064456],
                    [13.41800746, 49.74023500],
                    [13.42039188, 49.73962209],
                    [13.42112345, 49.73974435],
                    [13.42174759, 49.73974235],
                    [13.42251777, 49.73961564],
                    [13.42400258, 49.73901558],
                    [13.42174789, 49.73673472],
                    [13.42063130, 49.73585098],
                    [13.42049018, 49.73569397],
                    [13.42106390, 49.73515627],
                    [13.42217207, 49.73416548],
                    [13.42326639, 49.73340079],
                    [13.42383781, 49.73303977],
                    [13.42410899, 49.73262913],
                    [13.42517170, 49.73241737],
                    [13.42717016, 49.73212037],
                    [13.42923680, 49.73203221],
                    [13.43048710, 49.73185141],
                    [13.43151809, 49.73177548],
                    [13.43274711, 49.73176950],
                    [13.43322163, 49.73174015],
                    [13.43422315, 49.73162341],
                    [13.43481018, 49.73152925],
                    [13.43448971, 49.73128780],
                    [13.43421433, 49.73109882],
                    [13.43385000, 49.73090112],
                    [13.43325195, 49.73063425],
                    [13.43271519, 49.73025764],
                    [13.43221046, 49.73050909],
                    [13.43183150, 49.73068028],
                    [13.43141239, 49.73087068],
                    [13.43067190, 49.73121476],
                    [13.43033984, 49.73103178],
                    [13.43004529, 49.73084091],
                    [13.42935783, 49.73034537],
                    [13.42885249, 49.73044631],
                    [13.42855812, 49.73063735],
                    [13.42824732, 49.73074576],
                    [13.42776368, 49.73090668],
                    [13.42739100, 49.73097432],
                    [13.42713356, 49.73100695],
                    [13.42672234, 49.73116340],
                    [13.42634072, 49.73134588],
                    [13.42575399, 49.73156613],
                    [13.42532899, 49.73162863],
                    [13.42501728, 49.73151135],
                    [13.42491788, 49.73147846],
                    [13.42469578, 49.73128310],
                    [13.42471001, 49.73114562],
                    [13.42437474, 49.73082344],
                    [13.42393640, 49.73056059],
                    [13.42349016, 49.73033168],
                    [13.42395257, 49.72987937],
                    [13.42370248, 49.72972756],
                    [13.42375527, 49.72950128],
                    [13.42383240, 49.72932367],
                    [13.42419919, 49.72912817],
                    [13.42465850, 49.72891859],
                    [13.42504700, 49.72878307],
                    [13.42527480, 49.72872439],
                    [13.42564849, 49.72857586],
                    [13.42595034, 49.72858230],
                    [13.42639540, 49.72851019],
                    [13.42671411, 49.72836783],
                    [13.42711476, 49.72825665],
                    [13.42728335, 49.72814587],
                    [13.42739799, 49.72796037],
                    [13.42743757, 49.72779065],
                    [13.42725989, 49.72763437],
                    [13.42632505, 49.72697568],
                    [13.42642516, 49.72685247],
                    [13.42655402, 49.72652949],
                    [13.42675368, 49.72613244],
                    [13.42696609, 49.72591023],
                    [13.42751536, 49.72607979],
                    [13.42790075, 49.72618700],
                    [13.42846850, 49.72627734],
                    [13.42867546, 49.72569584],
                    [13.42831015, 49.72557904],
                    [13.42759172, 49.72536976],
                    [13.42770005, 49.72528779],
                    [13.42714917, 49.72504864],
                    [13.42663714, 49.72548451],
                    [13.42553539, 49.72500620],
                    [13.42436272, 49.72422003],
                    [13.42472309, 49.72397546],
                    [13.42388921, 49.72204299],
                    [13.42377707, 49.72183536],
                    [13.42363693, 49.72167124],
                    [13.42330554, 49.72140181],
                    [13.42313474, 49.72129245],
                    [13.42254622, 49.72106110],
                    [13.42199526, 49.72082186],
                    [13.42117626, 49.72066050],
                    [13.42047621, 49.72037189],
                    [13.41985753, 49.71996393],
                    [13.41928697, 49.71950279],
                    [13.41886552, 49.71909101],
                    [13.41852019, 49.71858250],
                    [13.41853490, 49.71821349],
                    [13.41863423, 49.71786437],
                    [13.41882020, 49.71737325],
                    [13.41897024, 49.71695964],
                    [13.41947402, 49.71610074],
                    [13.41984949, 49.71502678],
                    [13.42008083, 49.71449409],
                    [13.41986563, 49.71434571],
                    [13.41965527, 49.71440606],
                    [13.41867332, 49.71509654],
                    [13.41809924, 49.71510965],
                    [13.41755103, 49.71505008],
                    [13.41751292, 49.71490750]
                ]
            ]
        },
        "properties": {
            "OBJEKT": "Honitba - areál",
            "ID_HON": 2,
            "NAZEV": "Božkov - Letkov",
            "DRZITEL": "HS Č.H. u Plzně",
            "UZIVATEL": "MS Č.H. u Plzně",
            "VYMERA_HA": 978
        }
    }, {
        "type": "Feature",
        "id": "mysliveckehonitby.10603352",
        "geometry": {
            "type": "Point",
            "coordinates": [13.43880709, 49.65665264]
        },
        "properties": {
            "OBJEKT": "Honitba - popis",
            "ID_HON": 8,
            "NAZEV": "Losiná",
            "DRZITEL": "HS Losiná",
            "UZIVATEL": "MS Losiná-Planiny",
            "VYMERA_HA": 1107,
            "text": "8 - Losiná"
        }
    }, {
        "type": "Feature",
        "id": "mysliveckehonitby.10603323",
        "geometry": {
            "type": "Polygon",
            "coordinates": [
                [
                    [13.44946901, 49.63852827],
                    [13.45037484, 49.63944001],
                    [13.45361971, 49.64231157],
                    [13.45510333, 49.64364767],
                    [13.45178581, 49.64516243],
                    [13.45233160, 49.64569999],
                    [13.45274370, 49.64609134],
                    [13.45319671, 49.64654720],
                    [13.45338506, 49.64669878],
                    [13.45333834, 49.64689995],
                    [13.45340263, 49.64718462],
                    [13.45374189, 49.64756882],
                    [13.45434717, 49.64793066],
                    [13.45480053, 49.64814449],
                    [13.45578092, 49.64937814],
                    [13.45597102, 49.64960250],
                    [13.45532390, 49.64944468],
                    [13.45456704, 49.64933427],
                    [13.45411964, 49.64927588],
                    [13.45339536, 49.64926545],
                    [13.45298854, 49.64929216],
                    [13.45342694, 49.64989163],
                    [13.45370015, 49.65035998],
                    [13.45411954, 49.65124191],
                    [13.45445286, 49.65213355],
                    [13.45519660, 49.65392175],
                    [13.45581180, 49.65520454],
                    [13.45632373, 49.65641064],
                    [13.45651681, 49.65684708],
                    [13.45673450, 49.65727389],
                    [13.45725410, 49.65784524],
                    [13.45801697, 49.65845250],
                    [13.45854512, 49.65874628],
                    [13.45953134, 49.65931485],
                    [13.45993333, 49.65959023],
                    [13.46007897, 49.65972552],
                    [13.45974932, 49.66022219],
                    [13.45920382, 49.66104639],
                    [13.45883774, 49.66157949],
                    [13.45876295, 49.66162059],
                    [13.45864313, 49.66161491],
                    [13.45859294, 49.66167052],
                    [13.45858057, 49.66172379],
                    [13.45862424, 49.66177648],
                    [13.45875354, 49.66186175],
                    [13.45883505, 49.66191210],
                    [13.45883547, 49.66231159],
                    [13.45915512, 49.66250023],
                    [13.45964117, 49.66261436],
                    [13.46050857, 49.66277185],
                    [13.46070116, 49.66290568],
                    [13.46073992, 49.66326050],
                    [13.46109082, 49.66378016],
                    [13.46131835, 49.66404451],
                    [13.46147963, 49.66407239],
                    [13.46185837, 49.66400655],
                    [13.46311956, 49.66371231],
                    [13.46399289, 49.66348300],
                    [13.46482585, 49.66320672],
                    [13.46644165, 49.66278976],
                    [13.46650581, 49.66287471],
                    [13.46660167, 49.66314433],
                    [13.46692707, 49.66395082],
                    [13.46734064, 49.66502005],
                    [13.46759241, 49.66610379],
                    [13.46774433, 49.66681464],
                    [13.46783509, 49.66718665],
                    [13.46756879, 49.66821369],
                    [13.46740417, 49.66874221],
                    [13.46738295, 49.66899433],
                    [13.46745748, 49.66919529],
                    [13.46761765, 49.66942882],
                    [13.46769868, 49.66952148],
                    [13.46790391, 49.66980178],
                    [13.46797720, 49.66988762],
                    [13.46820996, 49.67077498],
                    [13.46837114, 49.67127602],
                    [13.46852021, 49.67178221],
                    [13.46847450, 49.67300682],
                    [13.46524186, 49.67314420],
                    [13.46386053, 49.67317308],
                    [13.46248445, 49.67342103],
                    [13.46136763, 49.67363967],
                    [13.46020573, 49.67368997],
                    [13.45974354, 49.67362655],
                    [13.45916750, 49.67357020],
                    [13.45860081, 49.67371513],
                    [13.45839485, 49.67387713],
                    [13.45910213, 49.67542175],
                    [13.45794127, 49.67570892],
                    [13.45766174, 49.67546300],
                    [13.45744228, 49.67544153],
                    [13.45723218, 49.67562134],
                    [13.45750452, 49.67613979],
                    [13.45646163, 49.67640207],
                    [13.45627374, 49.67636547],
                    [13.45535961, 49.67571135],
                    [13.45492330, 49.67577794],
                    [13.45439738, 49.67514359],
                    [13.44945667, 49.67684584],
                    [13.44959902, 49.67707836],
                    [13.45096487, 49.67916851],
                    [13.45138437, 49.68026065],
                    [13.45181923, 49.68128685],
                    [13.45197406, 49.68243136],
                    [13.45204709, 49.68320355],
                    [13.45209214, 49.68337190],
                    [13.45204813, 49.68344046],
                    [13.45175307, 49.68350266],
                    [13.45144300, 49.68350874],
                    [13.45101490, 49.68353970],
                    [13.45045324, 49.68390369],
                    [13.44993972, 49.68418130],
                    [13.44871441, 49.68426172],
                    [13.44790633, 49.68423727],
                    [13.44704909, 49.68406226],
                    [13.44642274, 49.68361840],
                    [13.44583627, 49.68312380],
                    [13.44524153, 49.68266482],
                    [13.44285739, 49.68157518],
                    [13.44173730, 49.68108292],
                    [13.43493823, 49.68806198],
                    [13.43362855, 49.68922708],
                    [13.43284305, 49.68958727],
                    [13.43231437, 49.68980869],
                    [13.43136072, 49.68980628],
                    [13.43070541, 49.68948700],
                    [13.43033920, 49.68864958],
                    [13.42914292, 49.68703855],
                    [13.42480346, 49.68326110],
                    [13.42467438, 49.68261086],
                    [13.42467255, 49.68213706],
                    [13.42537403, 49.68069222],
                    [13.42565805, 49.67995499],
                    [13.42612164, 49.67929004],
                    [13.42671154, 49.67856460],
                    [13.42672722, 49.67825646],
                    [13.42672858, 49.67752794],
                    [13.42673504, 49.67701851],
                    [13.42608660, 49.67679095],
                    [13.42581392, 49.67663668],
                    [13.42533130, 49.67292783],
                    [13.42474707, 49.67073918],
                    [13.42377447, 49.67009724],
                    [13.42331056, 49.66955986],
                    [13.42326460, 49.66891427],
                    [13.42333223, 49.66729963],
                    [13.42359041, 49.66643237],
                    [13.42420234, 49.66488938],
                    [13.42449388, 49.66448080],
                    [13.42501289, 49.66345697],
                    [13.42432251, 49.65953283],
                    [13.42388086, 49.65817788],
                    [13.42263612, 49.65798283],
                    [13.42163259, 49.65855831],
                    [13.42112674, 49.65916443],
                    [13.41998664, 49.65876102],
                    [13.41959268, 49.65828513],
                    [13.41982108, 49.65790679],
                    [13.41914716, 49.65754915],
                    [13.41775706, 49.65737618],
                    [13.41812143, 49.65569239],
                    [13.41888710, 49.65409166],
                    [13.41986122, 49.65243854],
                    [13.41986685, 49.65169221],
                    [13.41975718, 49.65168144],
                    [13.41938758, 49.65206413],
                    [13.41914336, 49.65214944],
                    [13.41850863, 49.65210531],
                    [13.41775431, 49.65221338],
                    [13.41718611, 49.65248547],
                    [13.41617595, 49.65296916],
                    [13.41542653, 49.65269515],
                    [13.41465221, 49.65252798],
                    [13.41362701, 49.65235437],
                    [13.41338182, 49.65160160],
                    [13.41357452, 49.65125620],
                    [13.41281269, 49.65103560],
                    [13.41179752, 49.65130016],
                    [13.41053479, 49.65190472],
                    [13.40920642, 49.65303111],
                    [13.40860660, 49.65391943],
                    [13.40987277, 49.65426251],
                    [13.41028491, 49.65514100],
                    [13.41112905, 49.65536970],
                    [13.41101773, 49.65548628],
                    [13.41066794, 49.65554299],
                    [13.40965516, 49.65531591],
                    [13.40778494, 49.65467663],
                    [13.40721416, 49.65483912],
                    [13.40643068, 49.65507177],
                    [13.40558488, 49.65557155],
                    [13.40412683, 49.65460839],
                    [13.40216257, 49.65512946],
                    [13.39980788, 49.65584512],
                    [13.39861793, 49.65685751],
                    [13.39787595, 49.65691203],
                    [13.39691542, 49.65718185],
                    [13.39563571, 49.65785748],
                    [13.39489265, 49.65887740],
                    [13.39449707, 49.65912995],
                    [13.39382888, 49.65958888],
                    [13.39312677, 49.65959263],
                    [13.39316591, 49.65930500],
                    [13.39328484, 49.65891593],
                    [13.39321601, 49.65849014],
                    [13.39302502, 49.65810699],
                    [13.39274175, 49.65787871],
                    [13.39229645, 49.65774379],
                    [13.39206407, 49.65693755],
                    [13.39147959, 49.65614960],
                    [13.38909180, 49.65376479],
                    [13.38843480, 49.65333573],
                    [13.38763756, 49.65254670],
                    [13.38710372, 49.65171076],
                    [13.38700363, 49.65069892],
                    [13.38643164, 49.64978633],
                    [13.38691216, 49.64700991],
                    [13.38731185, 49.64469918],
                    [13.38908447, 49.64467341],
                    [13.39079160, 49.64467590],
                    [13.39100694, 49.64411414],
                    [13.39088918, 49.64353779],
                    [13.39049713, 49.64353561],
                    [13.39074743, 49.64270404],
                    [13.39134253, 49.64159672],
                    [13.39126712, 49.64107920],
                    [13.39103407, 49.64003605],
                    [13.39066401, 49.63897942],
                    [13.39049658, 49.63801561],
                    [13.39048111, 49.63712141],
                    [13.39048964, 49.63648463],
                    [13.39119162, 49.63587973],
                    [13.39240182, 49.63537953],
                    [13.39338349, 49.63525760],
                    [13.39457856, 49.63530242],
                    [13.39517316, 49.63539740],
                    [13.39808468, 49.63637632],
                    [13.39878557, 49.63673678],
                    [13.40187227, 49.63855760],
                    [13.40239259, 49.63879097],
                    [13.40266084, 49.63896310],
                    [13.40298307, 49.63920431],
                    [13.40781859, 49.64089140],
                    [13.40794443, 49.64131366],
                    [13.40806113, 49.64153463],
                    [13.40811554, 49.64202274],
                    [13.40834230, 49.64207236],
                    [13.40887389, 49.64219750],
                    [13.40942334, 49.64230618],
                    [13.41016135, 49.64238785],
                    [13.41108373, 49.64246032],
                    [13.41164315, 49.64240601],
                    [13.41193595, 49.64235282],
                    [13.41244218, 49.64216576],
                    [13.41262157, 49.64193747],
                    [13.41273688, 49.64187594],
                    [13.41322443, 49.64176902],
                    [13.41424894, 49.64152359],
                    [13.41486523, 49.64146575],
                    [13.41556583, 49.64140709],
                    [13.41693339, 49.64131377],
                    [13.41780719, 49.64135409],
                    [13.41826819, 49.64148136],
                    [13.41908352, 49.64163432],
                    [13.42091462, 49.64177777],
                    [13.42145787, 49.64191310],
                    [13.42242013, 49.64193475],
                    [13.42315769, 49.64189788],
                    [13.42368725, 49.64203186],
                    [13.42455495, 49.64239942],
                    [13.42497821, 49.64256850],
                    [13.42536577, 49.64277049],
                    [13.42598506, 49.64294060],
                    [13.42629822, 49.64298045],
                    [13.42641697, 49.64289192],
                    [13.42667887, 49.64248955],
                    [13.42698857, 49.64218294],
                    [13.42742415, 49.64199800],
                    [13.42795325, 49.64201351],
                    [13.42833287, 49.64206898],
                    [13.42904022, 49.64206555],
                    [13.43021717, 49.64200801],
                    [13.43206728, 49.64188900],
                    [13.43494611, 49.64180713],
                    [13.43632449, 49.64178750],
                    [13.43745232, 49.64157935],
                    [13.43797058, 49.64152088],
                    [13.43799513, 49.64159615],
                    [13.43788352, 49.64203698],
                    [13.43787833, 49.64269225],
                    [13.43805554, 49.64349746],
                    [13.43821572, 49.64425547],
                    [13.43823316, 49.64490385],
                    [13.43847214, 49.64484075],
                    [13.43913480, 49.64452320],
                    [13.43976969, 49.64427019],
                    [13.44083698, 49.64390116],
                    [13.44170819, 49.64353111],
                    [13.44286083, 49.64291536],
                    [13.44637138, 49.64059956],
                    [13.44946901, 49.63852827]
                ]
            ]
        },
        "properties": {
            "OBJEKT": "Honitba - areál",
            "ID_HON": 8,
            "NAZEV": "Losiná",
            "DRZITEL": "HS Losiná",
            "UZIVATEL": "MS Losiná-Planiny",
            "VYMERA_HA": 1107
        }
    }, {
        "type": "Feature",
        "id": "mysliveckehonitby.10603332",
        "geometry": {
            "type": "Polygon",
            "coordinates": [
                [
                    [13.50958862, 49.62894062],
                    [13.50769920, 49.62806024],
                    [13.50745528, 49.62794383],
                    [13.50736398, 49.62790714],
                    [13.50736888, 49.62782425],
                    [13.50761773, 49.62767251],
                    [13.50793443, 49.62704202],
                    [13.50828722, 49.62631684],
                    [13.50835640, 49.62546212],
                    [13.50820935, 49.62542000],
                    [13.50782815, 49.62528095],
                    [13.50726506, 49.62518900],
                    [13.50637511, 49.62509297],
                    [13.50659984, 49.62480435],
                    [13.50687584, 49.62457327],
                    [13.50734491, 49.62399952],
                    [13.50755922, 49.62370172],
                    [13.50785559, 49.62324091],
                    [13.50817294, 49.62262071],
                    [13.50842145, 49.62231937],
                    [13.50861924, 49.62213303],
                    [13.50902300, 49.62185560],
                    [13.50972008, 49.62140926],
                    [13.51002323, 49.62116547],
                    [13.51064221, 49.62106179],
                    [13.51141876, 49.62033307],
                    [13.51170543, 49.62009643],
                    [13.51197772, 49.61975634],
                    [13.51198399, 49.61942416],
                    [13.51205988, 49.61946581],
                    [13.51229191, 49.61957180],
                    [13.51257831, 49.61962750],
                    [13.51405556, 49.62032722],
                    [13.51376765, 49.62169787],
                    [13.51366655, 49.62219748],
                    [13.51347275, 49.62297521],
                    [13.51333388, 49.62346539],
                    [13.51312821, 49.62417410],
                    [13.51217694, 49.62404497],
                    [13.51188620, 49.62493986],
                    [13.51287654, 49.62508189],
                    [13.51282241, 49.62519498],
                    [13.51257979, 49.62569941],
                    [13.51237966, 49.62608053],
                    [13.51230358, 49.62622790],
                    [13.51212058, 49.62647410],
                    [13.51175320, 49.62691176],
                    [13.51153456, 49.62719091],
                    [13.51150783, 49.62730668],
                    [13.51149136, 49.62774211],
                    [13.51143652, 49.62810096],
                    [13.51151466, 49.62830888],
                    [13.51161746, 49.62840995],
                    [13.51176140, 49.62851502],
                    [13.51169902, 49.62866373],
                    [13.50958862, 49.62894062]
                ]
            ]
        },
        "properties": {
            "OBJEKT": "Honitba - areál",
            "ID_HON": 17,
            "NAZEV": "Obora Žákava",
            "DRZITEL": "Alimex Nezvěstice",
            "UZIVATEL": "Alimex Nezvěstice",
            "VYMERA_HA": 42
        }
    }]
}
